barcode2,First_sale,First_sale_quarter,First_sale_year_quarter,first_week_qty,first_2weeks_qty,first_4weeks_qty,avg_discount_12_months,qty_1_3_months,qty_4_6_months,qty_7_9_months,qty_10_12_months
042799230008,2015-07-21,3,2015-Q3,4,4,4,0.0,4,0,0,0
042799246740,2015-07-21,3,2015-Q3,4,4,4,0.0,4,0,0,0
042799261682,2014-07-22,3,2014-Q3,5,5,5,0.0,5,0,0,0
042799717271,2014-07-22,3,2014-Q3,1,1,1,0.0,1,0,0,0
042799746394,2014-07-22,3,2014-Q3,6,6,6,0.0,6,0,0,0
042799748800,2014-07-22,3,2014-Q3,1,1,1,0.0,1,0,0,0
042799768518,2019-07-23,3,2019-Q3,12,12,12,0.0,12,0,0,0
042799789957,2016-07-26,3,2016-Q3,2,2,2,0.0,2,0,0,0
042799801130,2014-07-22,3,2014-Q3,6,6,6,0.0,6,0,0,0
042799801147,2014-07-22,3,2014-Q3,10,10,10,0.0,10,0,0,0
042799801154,2014-07-22,3,2014-Q3,3,3,3,0.0,3,0,0,0
042799808719,2014-07-22,3,2014-Q3,4,4,4,0.0,4,0,0,0
042799810064,2014-07-22,3,2014-Q3,1,1,1,5.263157894736842,1,0,0,0
042799826959,2015-07-21,3,2015-Q3,8,8,8,0.0,8,0,0,0
697675458283,2022-07-26,3,2022-Q3,22,22,22,48.0,22,0,0,0
786943084221,2015-07-21,3,2015-Q3,68,68,68,0.0,68,0,0,0
786943086102,2014-07-22,3,2014-Q3,17,17,17,0.0,17,0,0,0
805219011041,2015-07-21,3,2015-Q3,35,35,35,0.0,35,0,0,0
805219458198,2021-07-20,3,2021-Q3,2,2,2,0.0,2,0,0,0
9780007371082,2018-07-24,3,2018-Q3,14,14,14,6.25,14,0,0,0
9780007453580,2018-07-24,3,2018-Q3,11,11,11,6.25,11,0,0,0
9780008304607,2018-07-20,3,2018-Q3,113,113,113,33.81431767337808,113,0,0,0
9780008363994,2019-07-23,3,2019-Q3,166,166,166,41.01512088622949,166,0,0,0
9780008430306,2021-07-20,3,2021-Q3,6,6,6,16.778523489932887,6,0,107,0
9780064430999,2019-07-23,3,2019-Q3,1,1,1,0.0,1,0,0,0
9780064431620,2015-07-21,3,2015-Q3,2,2,2,0.0,2,0,0,0
9780064450836,2014-07-22,3,2014-Q3,1,1,1,0.0,1,0,0,0
9780141324906,2014-07-22,3,2014-Q3,4,4,4,0.0,4,0,0,0
9780141324913,2014-07-22,3,2014-Q3,4,4,4,0.0,4,0,0,0
9780141324920,2016-07-26,3,2016-Q3,7,7,7,1.7785800644808515e-14,7,0,0,0
9780141331973,2014-07-22,3,2014-Q3,8,8,8,0.0,8,0,0,0
9780141339665,2014-07-22,3,2014-Q3,3,3,3,1.7785800644808515e-14,3,0,0,0
9780141340821,2014-07-22,3,2014-Q3,3,3,3,1.7785800644808515e-14,3,0,0,0
9780141343006,2014-07-22,3,2014-Q3,4,4,4,0.0,4,0,0,0
9780141343785,2016-07-26,3,2016-Q3,3,3,3,15.178571428571427,3,0,0,0
9780141345741,2014-07-22,3,2014-Q3,4,4,4,0.0,4,0,0,0
9780141346809,2014-07-22,3,2014-Q3,8,8,8,18.469387755102034,8,0,0,0
9780141354224,2017-07-25,3,2017-Q3,9,9,9,31.163954943679606,9,0,0,0
9780141355481,2016-07-26,3,2016-Q3,6,6,6,1.7785800644808515e-14,6,0,0,0
9780141377094,2017-07-25,3,2017-Q3,18,18,18,31.163954943679602,18,0,0,0
9780141388199,2017-07-25,3,2017-Q3,49,49,49,52.585145888594155,49,0,0,0
9780142410318,2016-07-26,3,2016-Q3,3,3,3,11.12347052280313,3,0,0,0
9780230736108,2015-07-21,3,2015-Q3,14,14,14,37.5,14,0,0,0
9780230748620,2017-07-25,3,2017-Q3,87,87,87,62.85571142284569,87,0,0,0
9780241003008,2014-07-22,3,2014-Q3,1,1,1,-2.6785714285714284,1,0,0,0
9780241197554,2016-07-26,3,2016-Q3,4,4,4,13.333333333333334,4,0,0,0
9780241294055,2017-07-25,3,2017-Q3,20,20,20,13.766666666666666,20,0,0,0
9780241412039,2021-07-20,3,2021-Q3,5,5,5,0.0,5,0,0,0
9780241583081,2023-07-19,3,2023-Q3,52,52,52,34.45378151260504,52,0,0,0
9780241583135,2023-12-08,4,2023-Q4,6,9,9,27.03125,9,0,55,0
9780307261052,2018-07-24,3,2018-Q3,15,15,15,-150.6265664160401,15,0,0,0
9780307261076,2017-07-25,3,2017-Q3,5,5,5,58.22890559732665,5,0,0,0
9780307261137,2018-07-24,3,2018-Q3,6,6,6,100.0,6,0,0,0
9780310708254,2018-07-24,3,2018-Q3,1,1,1,28.011204481792717,1,0,0,0
9780316201568,2015-07-21,3,2015-Q3,11,11,11,10.010010010010022,11,0,0,0
9780375812309,2018-07-24,3,2018-Q3,8,8,8,100.0,8,0,0,0
9780375821790,2017-07-25,3,2017-Q3,5,5,5,68.67167919799499,5,0,0,0
9780375828928,2021-07-20,3,2021-Q3,12,12,12,0.0,12,0,0,0
9780375829734,2018-07-24,3,2018-Q3,10,10,10,100.0,10,0,0,0
9780375831188,2021-07-20,3,2021-Q3,3,3,3,0.0,3,0,0,0
9780375831652,2017-07-25,3,2017-Q3,4,4,4,-25.313283208020053,4,0,0,0
9780375832413,2018-07-24,3,2018-Q3,9,9,9,-0.20040080160320925,9,0,0,0
9780375834219,2018-07-24,3,2018-Q3,10,10,10,-150.6265664160401,10,0,0,0
9780375834486,2017-07-25,3,2017-Q3,5,5,5,100.0,5,0,0,0
9780375842894,2021-07-20,3,2021-Q3,19,19,19,0.0,19,0,0,0
9780375845628,2017-07-25,3,2017-Q3,10,10,10,71.3713140566848,10,0,0,0
9780375856389,2017-07-25,3,2017-Q3,5,5,5,37.34335839598997,5,0,0,0
9780375861772,2021-07-20,3,2021-Q3,15,15,15,0.0,15,0,0,0
9780375865855,2017-07-25,3,2017-Q3,5,5,5,6.015037593984964,5,0,0,0
9780375867163,2017-07-25,3,2017-Q3,9,9,9,-67.08437761069341,9,0,0,0
9780394865706,2016-07-26,3,2016-Q3,4,4,4,0.0,4,0,0,0
9780394868165,2017-07-25,3,2017-Q3,5,5,5,100.0,5,0,0,0
9780394868776,2017-07-25,3,2017-Q3,9,9,9,59.91983967935871,9,0,0,0
9780394874715,2018-07-24,3,2018-Q3,10,10,10,-0.20040080160320925,10,0,0,0
9780394880563,2017-07-25,3,2017-Q3,8,8,8,58.22890559732665,8,0,0,0
9780394886695,2021-07-20,3,2021-Q3,15,15,15,0.0,15,0,0,0
9780394888668,2018-07-24,3,2018-Q3,1,1,1,100.0,1,0,0,0
9780394888675,2018-07-24,3,2018-Q3,11,11,11,-25.313283208020053,11,0,0,0
9780394892795,2017-07-25,3,2017-Q3,5,5,5,74.9498997995992,5,0,0,0
9780394898094,2017-07-25,3,2017-Q3,5,5,5,49.899799599198396,5,0,0,0
9780399226908,2014-07-22,3,2014-Q3,3,3,3,1.2930714026571431e-14,3,0,0,0
9780399237720,2014-07-22,3,2014-Q3,3,3,3,-1.89541243283788e-14,3,0,0,0
9780399256738,2015-07-21,3,2015-Q3,1,1,1,0.0,1,0,0,0
9780439023122,2014-07-22,3,2014-Q3,5,5,5,12.515644555694616,5,0,0,0
9780439049962,2014-07-22,3,2014-Q3,10,10,10,0.0,10,0,0,0
9780439049986,2014-07-22,3,2014-Q3,5,5,5,0.0,5,0,0,0
9780439050005,2014-07-22,3,2014-Q3,9,9,9,-1.1862149177964945e-14,9,0,0,0
9780439267618,2014-07-22,3,2014-Q3,8,8,8,0.0,8,0,0,0
9780439376068,2014-07-22,3,2014-Q3,5,5,5,0.0,5,0,0,0
9780439376082,2014-07-22,3,2014-Q3,5,5,5,0.0,5,0,0,0
9780439376105,2014-07-22,3,2014-Q3,8,8,8,0.0,8,0,0,0
9780439376129,2014-07-22,3,2014-Q3,12,12,12,0.0,12,0,0,0
9780439376143,2014-07-22,3,2014-Q3,8,8,8,0.0,8,0,0,0
9780439417846,2014-07-22,3,2014-Q3,5,5,5,0.0,5,0,0,0
9780439559638,2014-07-22,3,2014-Q3,6,6,6,12.515644555694635,6,0,0,0
9780439559645,2014-07-22,3,2014-Q3,1,1,1,12.515644555694616,1,0,0,0
9780439559652,2014-07-22,3,2014-Q3,1,1,1,12.515644555694616,1,0,0,0
9780439756686,2015-07-21,3,2015-Q3,3,3,3,0.0,3,0,0,0
9780439841177,2014-07-22,3,2014-Q3,5,5,5,12.515644555694616,5,0,0,0
9780448455921,2015-07-21,3,2015-Q3,8,8,8,0.0,8,0,0,0
9780545017152,2015-07-21,3,2015-Q3,6,6,6,-1.1881985547827762e-14,6,0,0,0
9780545017176,2014-07-22,3,2014-Q3,9,9,9,-1.1881985547827762e-14,9,0,0,0
9780545017183,2015-07-21,3,2015-Q3,2,2,2,0.0,2,0,0,0
9780545021340,2014-07-22,3,2014-Q3,3,3,3,12.515644555694635,3,0,0,0
9780545022873,2015-07-21,3,2015-Q3,1,1,1,0.0,1,0,0,0
9780545026031,2014-07-22,3,2014-Q3,18,18,18,2.1879683934106238e-14,18,0,0,0
9780545030380,2014-07-22,3,2014-Q3,10,10,10,0.0,10,0,0,0
9780545084932,2015-07-21,3,2015-Q3,4,4,4,0.0,4,0,0,0
9780545103671,2014-07-22,3,2014-Q3,3,3,3,11.12347052280313,3,0,0,0
9780545103695,2014-07-22,3,2014-Q3,3,3,3,12.515644555694635,3,0,0,0
9780545103763,2014-07-22,3,2014-Q3,6,6,6,12.515644555694635,6,0,0,0
9780545150590,2014-07-22,3,2014-Q3,3,3,3,11.12347052280313,3,0,0,0
9780545150606,2014-07-22,3,2014-Q3,3,3,3,11.12347052280313,3,0,0,0
9780545150613,2014-07-22,3,2014-Q3,3,3,3,11.12347052280313,3,0,0,0
9780545175340,2014-07-22,3,2014-Q3,3,3,3,1.4225079794997002e-14,3,0,0,0
9780545175364,2017-07-25,3,2017-Q3,3,3,3,0.0,3,0,0,0
9780545227728,2016-07-26,3,2016-Q3,9,9,9,11.123470522803114,9,0,0,0
9780545227735,2015-07-21,3,2015-Q3,8,8,8,11.123470522803114,8,0,0,0
9780545253079,2014-07-22,3,2014-Q3,8,8,8,0.0,8,0,0,0
9780545307710,2014-07-22,3,2014-Q3,8,8,8,0.0,8,0,0,0
9780545385794,2018-07-23,3,2018-Q3,12,12,12,7.512520868113523,12,0,0,0
9780545393515,2014-07-22,3,2014-Q3,8,8,8,11.771630370806356,8,0,0,0
9780545440202,2014-07-22,3,2014-Q3,9,9,9,1.896044658465911e-14,9,0,0,0
9780545499088,2014-07-22,3,2014-Q3,5,5,5,0.0,5,0,0,0
9780545504904,2017-07-25,3,2017-Q3,9,9,9,2.0321542564281433e-15,9,0,0,0
9780545504928,2017-07-25,3,2017-Q3,8,8,8,0.0,8,0,0,0
9780545533454,2014-07-22,3,2014-Q3,35,35,35,0.0,35,0,0,0
9780545556231,2015-07-21,3,2015-Q3,10,10,10,11.771630370806356,10,0,0,0
9780545556248,2014-07-22,3,2014-Q3,8,8,8,0.0,8,0,0,0
9780545556255,2014-07-22,3,2014-Q3,4,4,4,0.0,4,0,0,0
9780545581608,2017-07-25,3,2017-Q3,218,218,218,40.94094094094094,218,0,0,0
9780545599320,2014-07-22,3,2014-Q3,3,3,3,1.4225079794997002e-14,3,0,0,0
9780545656047,2015-07-21,3,2015-Q3,6,6,6,0.0,6,0,0,0
9780545656054,2015-07-21,3,2015-Q3,14,14,14,11.771630370806356,14,0,0,0
9780545665445,2017-07-25,3,2017-Q3,2,2,2,0.0,2,0,0,0
9780545694704,2015-07-21,3,2015-Q3,4,4,4,0.0,4,0,0,0
9780545870115,2016-07-26,3,2016-Q3,1,1,1,23.13624678663239,1,0,0,0
9780545871877,2017-07-25,3,2017-Q3,7,7,7,2.8450159589994003e-15,7,0,0,0
9780545935203,2017-07-25,3,2017-Q3,258,258,258,40.94094094094094,258,0,0,0
9780545980258,2014-07-22,3,2014-Q3,3,3,3,0.0,3,0,0,0
9780590265874,2018-07-24,3,2018-Q3,3,3,3,100.0,3,0,0,0
9780590411097,2025-05-24,2,2025-Q2,1,1,1,91.59663865546219,1,0,0,0
9780590486156,2017-07-22,3,2017-Q3,1,1,1,0.0,1,0,0,0
9780590634274,2014-07-22,3,2014-Q3,11,11,11,0.0,11,0,0,0
9780590698214,2025-05-24,2,2025-Q2,1,1,1,92.80575539568345,1,0,0,0
9780590846288,2014-07-22,3,2014-Q3,7,7,7,0.0,7,0,0,0
9780593304440,2021-07-20,3,2021-Q3,25,25,25,0.0,25,0,1,0
9780603563669,2016-07-26,3,2016-Q3,3,3,3,0.0,3,0,0,0
9780603564840,2018-07-24,3,2018-Q3,5,5,5,20.025031289111396,5,0,0,0
9780603565212,2014-07-22,3,2014-Q3,6,6,6,-1.1881985547827762e-14,6,0,0,0
9780603565229,2014-07-22,3,2014-Q3,7,7,7,-1.1881985547827762e-14,7,0,0,0
9780603565236,2014-07-22,3,2014-Q3,4,4,4,0.0,4,0,0,0
9780603565243,2014-07-22,3,2014-Q3,3,3,3,-1.1881985547827762e-14,3,0,0,0
9780603565458,2014-07-22,3,2014-Q3,1,1,1,0.0,1,0,0,0
9780603565748,2019-07-23,3,2019-Q3,68,68,68,66.5551839464883,68,0,0,0
9780603565755,2019-07-23,3,2019-Q3,61,61,61,66.5551839464883,61,0,0,0
9780603566264,2014-07-22,3,2014-Q3,103,103,103,0.0,103,0,0,0
9780603566271,2014-07-22,3,2014-Q3,119,119,119,0.0,119,0,0,0
9780603566288,2014-07-22,3,2014-Q3,164,164,164,-1.1881985547827762e-14,164,0,0,0
9780603566295,2014-07-22,3,2014-Q3,151,151,151,0.0,151,0,0,0
9780603566301,2014-07-22,3,2014-Q3,119,119,119,0.0,119,0,0,0
9780603566318,2014-07-22,3,2014-Q3,149,149,149,-1.1881985547827762e-14,149,0,0,0
9780603566325,2014-07-22,3,2014-Q3,121,121,121,-1.1881985547827762e-14,121,0,0,0
9780603566332,2014-07-22,3,2014-Q3,153,153,153,0.0,153,0,0,0
9780603566349,2014-07-22,3,2014-Q3,148,148,148,0.0,148,0,0,0
9780603566356,2014-07-22,3,2014-Q3,127,127,127,-1.1881985547827762e-14,127,0,0,0
9780603566400,2014-07-22,3,2014-Q3,21,21,21,0.0,21,0,0,0
9780603566745,2014-07-22,3,2014-Q3,2,2,2,0.0,2,0,0,0
9780655200154,2019-07-23,3,2019-Q3,12,12,12,3.749999999999993,12,0,0,0
9780655222613,2023-03-31,1,2023-Q1,4,4,4,3.636363636363636,4,0,0,7
9780655222620,2023-03-31,1,2023-Q1,7,7,7,9.999999999999998,7,5,0,0
9780655222637,2023-03-30,1,2023-Q1,8,8,8,7.552742616033754,8,0,0,4
9780679800927,2018-07-24,3,2018-Q3,9,9,9,100.0,9,0,0,0
9780679808091,2021-07-20,3,2021-Q3,20,20,20,0.0,20,0,0,0
9780679823858,2017-07-25,3,2017-Q3,6,6,6,100.0,6,0,0,0
9780679832690,2017-07-25,3,2017-Q3,5,5,5,91.98396793587175,5,0,0,0
9780679843658,2019-07-23,3,2019-Q3,20,20,20,89.25814536340852,20,0,0,0
9780679864455,2017-07-25,3,2017-Q3,5,5,5,100.0,5,0,0,0
9780679881261,2018-07-24,3,2018-Q3,8,8,8,100.0,8,0,0,0
9780679884767,2018-07-24,3,2018-Q3,10,10,10,100.0,10,0,0,0
9780679886419,2021-07-20,3,2021-Q3,24,24,24,0.0,24,0,2,0
9780679886501,2017-07-25,3,2017-Q3,7,7,7,49.87468671679198,7,0,0,0
9780679886747,2019-07-23,3,2019-Q3,6,6,6,100.0,6,0,0,0
9780679887171,2017-07-25,3,2017-Q3,6,6,6,66.5998663994656,6,0,0,0
9780679887188,2017-07-25,3,2017-Q3,9,9,9,49.899799599198396,9,0,0,0
9780679887386,2018-07-24,3,2018-Q3,11,11,11,100.0,11,0,0,0
9780679888475,2017-07-25,3,2017-Q3,10,10,10,64.19620479770856,10,0,0,0
9780679889298,2017-07-25,3,2017-Q3,8,8,8,100.0,8,0,0,0
9780679890362,2017-07-25,3,2017-Q3,10,10,10,62.42484969939879,10,0,0,0
9780679892274,2017-07-25,3,2017-Q3,6,6,6,39.849624060150376,6,0,0,0
9780679894438,2018-07-24,3,2018-Q3,1,1,1,20.04008016032064,1,0,0,0
9780689852381,2014-07-22,3,2014-Q3,58,58,58,0.0,58,0,0,0
9780689855351,2018-07-24,3,2018-Q3,1,1,1,100.0,1,0,0,0
9780689858451,2014-07-22,3,2014-Q3,30,30,30,0.0,30,0,0,0
9780689864230,2019-07-23,3,2019-Q3,16,16,16,65.82393483709274,16,0,0,0
9780689864254,2019-07-23,3,2019-Q3,14,14,14,88.06659505907626,14,0,0,0
9780689864964,2014-07-22,3,2014-Q3,50,50,50,0.0,50,0,0,0
9780689876752,2014-07-22,3,2014-Q3,59,59,59,0.0,59,0,0,0
9780718197827,2014-07-22,3,2014-Q3,18,18,18,-6.533333333333341,18,0,0,0
9780718197834,2014-07-22,3,2014-Q3,13,13,13,-6.741573033707865,13,0,0,0
9780718197841,2014-07-22,3,2014-Q3,22,22,22,-6.533333333333322,22,0,0,0
9780718197858,2014-07-22,3,2014-Q3,13,13,13,-21.052631578947366,13,0,0,0
9780723269328,2014-07-22,3,2014-Q3,15,15,15,-10.16949152542373,15,0,0,0
9780723271680,2014-07-22,3,2014-Q3,21,21,21,-18.181818181818183,21,0,0,0
9780723271697,2014-07-22,3,2014-Q3,19,19,19,-9.159663865546223,19,0,0,0
9780723271710,2014-07-22,3,2014-Q3,21,21,21,-6.533333333333341,21,0,0,0
9780723271789,2014-07-22,3,2014-Q3,21,21,21,-22.92307692307693,21,0,0,0
9780723272847,2014-07-22,3,2014-Q3,21,21,21,-1.4239333381965934e-14,21,0,0,0
9780723272878,2014-07-22,3,2014-Q3,23,23,23,0.0,23,0,0,0
9780723273097,2014-07-22,3,2014-Q3,54,54,54,0.0,54,0,0,0
9780723273172,2014-07-22,3,2014-Q3,21,21,21,-1.4239333381965934e-14,21,0,0,0
9780723280507,2015-07-21,3,2015-Q3,6,6,6,-1.8367346938775482,6,0,0,0
9780723280873,2015-07-21,3,2015-Q3,12,12,12,0.0,12,0,0,0
9780723287049,2014-07-22,3,2014-Q3,31,31,31,-6.533333333333341,31,0,0,0
9780723287056,2014-07-22,3,2014-Q3,20,20,20,-22.92307692307693,20,0,0,0
9780723288589,2017-07-19,3,2017-Q3,2,2,2,0.0,2,0,0,0
9780723288596,2015-07-21,3,2015-Q3,1,1,1,15.423728813559324,1,0,0,0
9780723288602,2014-07-22,3,2014-Q3,11,11,11,-6.741573033707865,11,0,0,0
9780723288619,2014-07-22,3,2014-Q3,21,21,21,-6.533333333333341,21,0,0,0
9780723292081,2015-07-21,3,2015-Q3,12,12,12,-10.16949152542373,12,0,0,0
9780723292098,2015-07-21,3,2015-Q3,5,5,5,13.333333333333334,5,0,0,0
9780723292104,2015-07-21,3,2015-Q3,6,6,6,13.333333333333334,6,0,0,0
9780723292111,2015-07-21,3,2015-Q3,8,8,8,-10.16949152542373,8,0,0,0
9780723297185,2015-07-21,3,2015-Q3,5,5,5,10.224719101123588,5,0,0,0
9780723297758,2015-07-21,3,2015-Q3,5,5,5,9.272727272727275,5,0,0,0
9780723297819,2016-07-26,3,2016-Q3,4,4,4,13.333333333333334,4,0,0,0
9780723297901,2015-07-21,3,2015-Q3,2,2,2,13.333333333333334,2,0,0,0
9780736412667,2021-07-20,3,2021-Q3,41,41,41,-7.119666690982967e-15,41,0,1,0
9780736430517,2023-10-04,4,2023-Q4,4,4,4,37.34335839598997,16,0,0,0
9780736430616,2018-07-24,3,2018-Q3,2,2,2,0.0,2,0,0,0
9780736430906,2015-07-21,3,2015-Q3,43,43,43,33.3889816360601,43,0,0,0
9780736430937,2016-07-26,3,2016-Q3,4,4,4,0.0,4,0,0,0
9780736431187,2014-07-22,3,2014-Q3,4,4,4,0.0,4,0,0,0
9780736431194,2015-07-21,3,2015-Q3,33,33,33,33.3889816360601,33,0,0,0
9780736431200,2015-07-21,3,2015-Q3,28,28,28,33.3889816360601,28,0,0,0
9780736431286,2015-07-21,3,2015-Q3,9,9,9,0.0,9,0,0,0
9780736431408,2017-07-25,3,2017-Q3,1,1,1,0.0,1,0,0,0
9780736431828,2019-07-23,3,2019-Q3,16,16,16,75.26815525876461,16,0,0,0
9780736431897,2015-07-21,3,2015-Q3,8,8,8,20.04008016032064,8,0,0,0
9780736432269,2015-07-21,3,2015-Q3,7,7,7,33.3889816360601,7,0,0,0
9780736432443,2015-07-21,3,2015-Q3,4,4,4,0.0,4,0,0,0
9780736432450,2015-07-21,3,2015-Q3,11,11,11,0.0,11,0,0,0
9780736432795,2015-07-21,3,2015-Q3,19,19,19,0.0,19,0,0,0
9780736433167,2015-07-21,3,2015-Q3,51,51,51,16.69449081803005,51,0,0,0
9780736433181,2015-07-21,3,2015-Q3,49,49,49,16.69449081803005,49,0,0,0
9780736433426,2015-07-21,3,2015-Q3,1,1,1,0.0,1,0,0,0
9780736433679,2016-07-26,3,2016-Q3,5,5,5,0.0,5,0,0,0
9780736433983,2018-07-24,3,2018-Q3,3,3,3,16.69449081803005,3,0,0,0
9780736434331,2015-07-21,3,2015-Q3,44,44,44,16.69449081803005,44,0,0,0
9780736434393,2015-07-21,3,2015-Q3,20,20,20,0.0,20,0,0,0
9780736434546,2018-07-24,3,2018-Q3,3,3,3,0.0,3,0,0,0
9780736434560,2016-07-26,3,2016-Q3,3,3,3,0.0,3,0,0,0
9780736434980,2016-07-26,3,2016-Q3,92,92,92,16.69449081803005,92,0,0,0
9780736435192,2016-07-26,3,2016-Q3,72,72,72,-1.4239333381965934e-14,72,0,0,0
9780736436649,2018-07-24,3,2018-Q3,3,3,3,10.02004008016032,3,0,0,0
9780744536430,2019-07-23,3,2019-Q3,5,5,5,57.58928571428571,5,0,0,0
9780746048566,2014-07-22,3,2014-Q3,7,7,7,-8.514190317195327,7,0,0,0
9780746064467,2016-07-26,3,2016-Q3,23,23,23,15.584415584415584,23,0,0,0
9780746071588,2015-07-21,3,2015-Q3,4,4,4,-3.8311688311688346,4,0,0,0
9780746074602,2014-07-22,3,2014-Q3,4,4,4,-5.002501250625312,4,0,0,0
9780746074619,2016-07-20,3,2016-Q3,1,1,1,-5.002501250625312,1,0,0,0
9780746077443,2015-07-21,3,2015-Q3,4,4,4,-3.8311688311688346,4,0,0,0
9780746077702,2016-07-26,3,2016-Q3,42,42,42,15.584415584415584,42,0,0,0
9780746084120,2014-07-22,3,2014-Q3,4,4,4,-3.8311688311688346,4,0,0,0
9780746087299,2014-07-22,3,2014-Q3,8,8,8,-3.8311688311688346,8,0,0,0
9780746087541,2015-07-21,3,2015-Q3,5,5,5,-3.8311688311688346,5,0,0,0
9780746087565,2016-07-26,3,2016-Q3,34,34,34,15.584415584415584,34,0,0,0
9780746087596,2014-07-22,3,2014-Q3,2,2,2,-3.8311688311688346,2,0,0,0
9780746091128,2014-07-22,3,2014-Q3,4,4,4,-1.8518518518518516,4,0,0,0
9780746096383,2015-07-21,3,2015-Q3,3,3,3,-3.8311688311688346,3,0,0,0
9780746097755,2015-07-21,3,2015-Q3,3,3,3,-3.8311688311688346,3,0,0,0
9780746097922,2018-07-24,3,2018-Q3,81,81,81,50.35971223021583,81,0,0,0
9780746098479,2019-07-23,3,2019-Q3,5,5,5,0.0,5,0,0,0
9780746098516,2014-07-22,3,2014-Q3,6,6,6,-23.953488372093027,6,0,0,0
9780746099070,2014-07-22,3,2014-Q3,1,1,1,-6.294289287202999,1,0,0,0
9780746099155,2016-07-26,3,2016-Q3,4,4,4,7.142857142857142,4,0,0,0
9780753430538,2014-07-22,3,2014-Q3,49,49,49,0.0,49,0,0,0
9780753430545,2014-07-22,3,2014-Q3,34,34,34,0.0,34,0,0,0
9780753430569,2014-07-22,3,2014-Q3,18,18,18,-1.780808861554136e-14,18,0,0,0
9780753430576,2014-07-22,3,2014-Q3,19,19,19,0.0,19,0,0,0
9780753430583,2014-07-22,3,2014-Q3,13,13,13,-1.780808861554136e-14,13,0,0,0
9780753430590,2014-07-22,3,2014-Q3,11,11,11,0.0,11,0,0,0
9780753430606,2014-07-22,3,2014-Q3,18,18,18,-1.780808861554136e-14,18,0,0,0
9780753430613,2014-07-22,3,2014-Q3,32,32,32,0.0,32,0,0,0
9780753430620,2014-07-22,3,2014-Q3,15,15,15,0.0,15,0,0,0
9780753430637,2014-07-22,3,2014-Q3,37,37,37,0.0,37,0,0,0
9780753430644,2014-07-22,3,2014-Q3,30,30,30,0.0,30,0,0,0
9780753430682,2014-07-22,3,2014-Q3,50,50,50,0.0,50,0,0,0
9780753430880,2014-07-22,3,2014-Q3,7,7,7,0.0,7,0,0,0
9780753430910,2014-07-22,3,2014-Q3,35,35,35,0.0,35,0,0,0
9780753430934,2014-07-22,3,2014-Q3,24,24,24,0.0,24,0,0,0
9780753433133,2014-07-22,3,2014-Q3,32,32,32,0.0,32,0,0,0
9780753433140,2014-07-22,3,2014-Q3,28,28,28,0.0,28,0,0,0
9780753433164,2014-07-22,3,2014-Q3,25,25,25,0.0,25,0,0,0
9780753433188,2014-07-22,3,2014-Q3,17,17,17,0.0,17,0,0,0
9780753433201,2014-07-22,3,2014-Q3,23,23,23,0.0,23,0,0,0
9780761141358,2014-07-22,3,2014-Q3,6,6,6,0.0,6,0,0,0
9780761141396,2014-07-22,3,2014-Q3,9,9,9,0.0,9,0,0,0
9780761149125,2016-07-26,3,2016-Q3,5,5,5,0.0,5,0,0,0
9780761149149,2016-07-26,3,2016-Q3,3,3,3,0.0,3,0,0,0
9780761149613,2016-07-26,3,2016-Q3,4,4,4,0.0,4,0,0,0
9780761166511,2014-07-22,3,2014-Q3,7,7,7,0.0,7,0,0,0
9780761166597,2014-07-22,3,2014-Q3,11,11,11,0.0,11,0,0,0
9780761166603,2014-07-22,3,2014-Q3,6,6,6,0.0,6,0,0,0
9780761166627,2014-07-22,3,2014-Q3,5,5,5,0.0,5,0,0,0
9780761166634,2016-07-26,3,2016-Q3,11,11,11,0.0,11,0,0,0
9780764121197,2019-07-20,3,2019-Q3,6,6,6,16.666666666666675,6,0,0,0
9780764131547,2015-07-21,3,2015-Q3,2,2,2,0.0,2,0,0,0
9780764131554,2015-07-21,3,2015-Q3,2,2,2,0.0,2,0,0,0
9780764131578,2015-07-21,3,2015-Q3,2,2,2,0.0,2,0,0,0
9780764132179,2015-07-21,3,2015-Q3,1,1,1,0.0,1,0,0,0
9780764132209,2015-07-21,3,2015-Q3,3,3,3,1.7785800644808515e-14,3,0,0,0
9780764133237,2014-07-22,3,2014-Q3,2,2,2,12.515644555694616,2,0,0,0
9780764133244,2014-07-22,3,2014-Q3,2,2,2,12.515644555694616,2,0,0,0
9780764133268,2016-07-26,3,2016-Q3,1,1,1,0.0,1,0,0,0
9780764165382,2014-07-22,3,2014-Q3,3,3,3,1.7785800644808515e-14,3,0,0,0
9780786819072,2015-07-21,3,2015-Q3,1,1,1,0.0,1,0,0,0
9780794418779,2016-07-26,3,2016-Q3,2,2,2,0.0,2,0,0,0
9780794419134,2015-07-21,3,2015-Q3,10,10,10,0.0,10,0,0,0
9780794420024,2016-07-26,3,2016-Q3,4,4,4,0.0,4,0,0,0
9780794428952,2015-07-21,3,2015-Q3,1,1,1,0.0,1,0,0,0
9780794434908,2016-07-26,3,2016-Q3,5,5,5,0.0,5,0,0,0
9780794557133,2025-04-02,2,2025-Q2,77,127,127,87.34951342852287,300,1006,0,0
9780805047905,2015-07-21,3,2015-Q3,1,1,1,11.568409343715244,1,0,0,0
9780805087970,2014-07-22,3,2014-Q3,10,10,10,0.0,10,0,0,0
9780843104851,2014-07-22,3,2014-Q3,2,2,2,0.0,2,0,0,0
9780843113600,2014-07-22,3,2014-Q3,2,2,2,0.0,2,0,0,0
9780843113617,2014-07-22,3,2014-Q3,2,2,2,0.0,2,0,0,0
9780843113624,2014-07-22,3,2014-Q3,3,3,3,1.2930714026571431e-14,3,0,0,0
9780843120035,2014-07-22,3,2014-Q3,2,2,2,0.0,2,0,0,0
9780843120042,2016-07-26,3,2016-Q3,1,1,1,0.0,1,0,0,0
9780843121841,2016-07-26,3,2016-Q3,3,3,3,1.2930714026571431e-14,3,0,0,0
9780857261274,2017-07-25,3,2017-Q3,33,33,33,0.0,33,0,0,0
9780857263834,2014-07-22,3,2014-Q3,6,6,6,0.0,6,0,0,0
9780857263858,2014-07-22,3,2014-Q3,16,16,16,0.0,16,0,0,0
9780857267351,2015-07-21,3,2015-Q3,80,80,80,0.0,80,0,0,0
9780857267368,2015-07-21,3,2015-Q3,63,63,63,0.0,63,0,0,0
9781035044450,2025-07-16,3,2025-Q3,9,10,10,41.511111111111106,10,0,0,0
9781338196559,2017-07-25,3,2017-Q3,4,4,4,0.0,4,0,0,0
9781338196566,2017-07-25,3,2017-Q3,10,10,10,0.0,10,0,0,0
9781338236576,2019-07-23,3,2019-Q3,16,16,16,2.5025025025025025,16,0,0,0
9781338262469,2021-07-20,3,2021-Q3,3,3,3,1.4225079794997002e-14,3,0,0,0
9781338262476,2021-07-20,3,2021-Q3,2,2,2,0.0,2,0,0,0
9781338271492,2019-07-23,3,2019-Q3,9,9,9,-0.33255477699921293,9,0,0,0
9781338271508,2019-07-23,3,2019-Q3,7,7,7,1.4225079794997002e-14,7,0,0,0
9781338315660,2019-07-23,3,2019-Q3,10,10,10,0.0,10,0,0,0
9781338347234,2021-07-20,3,2021-Q3,6,6,6,0.0,6,0,1,0
9781338347241,2021-07-20,3,2021-Q3,8,8,8,0.0,8,0,0,0
9781338603323,2021-07-20,3,2021-Q3,1,1,1,0.0,1,0,0,0
9781338603347,2021-07-20,3,2021-Q3,5,5,5,0.0,5,0,0,0
9781338680454,2021-07-20,3,2021-Q3,167,167,167,29.201950218116497,167,0,1,0
9781338712766,2021-07-20,3,2021-Q3,132,132,132,43.80292532717475,132,0,0,0
9781338784855,2022-07-26,3,2022-Q3,74,74,74,27.29022324865281,74,0,0,0
9781338792164,2022-07-22,3,2022-Q3,6,6,6,30.792917628945343,6,0,0,0
9781338801910,2023-07-19,3,2023-Q3,141,142,142,44.76129626323652,142,0,0,0
9781338801941,2022-07-26,3,2022-Q3,120,120,120,54.58044649730562,120,0,0,0
9781338814491,2023-07-21,3,2023-Q3,9,9,10,31.016166281755194,10,0,0,0
9781338846621,2023-07-19,3,2023-Q3,82,82,82,46.88221709006928,82,0,0,0
9781338864342,2023-07-22,3,2023-Q3,7,7,7,34.31210821511052,7,0,0,0
9781338864359,2023-07-20,3,2023-Q3,7,7,8,33.76635873749038,8,0,0,0
9781338896435,2024-05-30,2,2024-Q2,2,2,2,58.66531444855337,180,0,0,0
9781405221740,2015-07-21,3,2015-Q3,1,1,1,0.0,1,0,0,0
9781405234986,2014-07-22,3,2014-Q3,8,8,8,-12.781954887218049,8,0,0,0
9781405234993,2014-07-22,3,2014-Q3,4,4,4,-12.781954887218049,4,0,0,0
9781405235020,2014-07-22,3,2014-Q3,5,5,5,-12.781954887218049,5,0,0,0
9781405235037,2014-07-22,3,2014-Q3,5,5,5,-12.781954887218049,5,0,0,0
9781405235044,2014-07-22,3,2014-Q3,5,5,5,-12.781954887218049,5,0,0,0
9781405235051,2014-07-22,3,2014-Q3,6,6,6,-12.781954887218049,6,0,0,0
9781405235068,2014-07-22,3,2014-Q3,5,5,5,-12.781954887218049,5,0,0,0
9781405235075,2014-07-22,3,2014-Q3,5,5,5,-12.781954887218049,5,0,0,0
9781405235082,2014-07-22,3,2014-Q3,9,9,9,-12.781954887218049,9,0,0,0
9781405235099,2014-07-22,3,2014-Q3,9,9,9,-12.781954887218049,9,0,0,0
9781405235105,2014-07-22,3,2014-Q3,8,8,8,-12.781954887218049,8,0,0,0
9781405235112,2014-07-22,3,2014-Q3,8,8,8,-12.781954887218049,8,0,0,0
9781405237918,2014-07-22,3,2014-Q3,9,9,9,-12.781954887218049,9,0,0,0
9781405237925,2014-07-22,3,2014-Q3,7,7,7,-12.781954887218049,7,0,0,0
9781405240321,2014-07-22,3,2014-Q3,8,8,8,0.0,8,0,0,0
9781405245753,2014-07-22,3,2014-Q3,10,10,10,-12.781954887218049,10,0,0,0
9781405245760,2014-07-22,3,2014-Q3,7,7,7,-12.781954887218049,7,0,0,0
9781405249850,2015-07-21,3,2015-Q3,6,6,6,1.7785800644808515e-14,6,0,0,0
9781405249942,2014-07-22,3,2014-Q3,7,7,7,1.7785800644808515e-14,7,0,0,0
9781405253505,2018-07-24,3,2018-Q3,1,1,1,22.22222222222222,1,0,0,0
9781405255486,2014-07-22,3,2014-Q3,19,19,19,-37.03703703703704,19,0,0,0
9781405264617,2014-07-22,3,2014-Q3,1,1,1,0.0,1,0,0,0
9781405268394,2014-07-22,3,2014-Q3,51,51,51,1.4225079794997002e-14,51,0,0,0
9781405268400,2014-07-22,3,2014-Q3,51,51,51,1.4225079794997002e-14,51,0,0,0
9781405273534,2019-07-23,3,2019-Q3,48,48,48,78.0,48,0,0,0
9781405276771,2015-07-21,3,2015-Q3,20,20,20,0.0,20,0,0,0
9781405276788,2015-07-21,3,2015-Q3,12,12,12,0.0,12,0,0,0
9781405276795,2015-07-21,3,2015-Q3,26,26,26,0.0,26,0,0,0
9781405276801,2015-07-21,3,2015-Q3,23,23,23,0.0,23,0,0,0
9781405285988,2018-07-24,3,2018-Q3,23,23,23,8.33974852450603,23,0,0,0
9781405285995,2018-07-24,3,2018-Q3,11,11,11,20.569268401156325,11,0,0,0
9781405286008,2018-07-24,3,2018-Q3,16,16,16,20.569268401156332,16,0,0,0
9781405459372,2014-07-22,3,2014-Q3,4,4,4,0.0,4,0,0,0
9781405468657,2015-07-21,3,2015-Q3,40,40,40,0.0,40,0,0,0
9781405468664,2015-07-21,3,2015-Q3,48,48,48,0.0,48,0,0,0
9781405468671,2015-07-21,3,2015-Q3,70,70,70,0.0,70,0,0,0
9781405468688,2015-07-21,3,2015-Q3,45,45,45,0.0,45,0,0,0
9781405468695,2015-07-21,3,2015-Q3,50,50,50,0.0,50,0,0,0
9781405468701,2015-07-21,3,2015-Q3,63,63,63,0.0,63,0,0,0
9781406305869,2014-07-22,3,2014-Q3,30,30,30,-2.6785714285714284,30,0,0,0
9781406305876,2014-07-22,3,2014-Q3,37,37,37,-2.6785714285714284,37,0,0,0
9781406305883,2014-07-22,3,2014-Q3,46,46,46,-2.6785714285714284,46,0,0,0
9781406305890,2014-07-22,3,2014-Q3,57,57,57,-2.6785714285714284,57,0,0,0
9781406305906,2014-07-22,3,2014-Q3,34,34,34,-2.6785714285714284,34,0,0,0
9781406313178,2014-07-22,3,2014-Q3,150,150,150,0.0,150,0,0,0
9781407108827,2014-07-22,3,2014-Q3,2,2,2,-9.523809523809524,2,0,0,0
9781407139593,2015-07-21,3,2015-Q3,4,4,4,0.0,4,0,0,0
9781407163284,2019-07-23,3,2019-Q3,5,5,5,20.000000000000004,5,0,0,0
9781407545769,2015-07-21,3,2015-Q3,79,79,79,0.0,79,0,0,0
9781407545776,2015-07-21,3,2015-Q3,75,75,75,0.0,75,0,0,0
9781407545783,2015-07-21,3,2015-Q3,62,62,62,0.0,62,0,0,0
9781407553122,2015-07-21,3,2015-Q3,88,88,88,0.0,88,0,0,0
9781407553139,2015-07-21,3,2015-Q3,96,96,96,0.0,96,0,0,0
9781407553146,2015-07-21,3,2015-Q3,87,87,87,0.0,87,0,0,0
9781407553153,2015-07-21,3,2015-Q3,58,58,58,0.0,58,0,0,0
9781407553160,2015-07-21,3,2015-Q3,84,84,84,0.0,84,0,0,0
9781407553177,2015-07-21,3,2015-Q3,86,86,86,0.0,86,0,0,0
9781407553191,2015-07-21,3,2015-Q3,100,100,100,0.0,100,0,0,0
9781407553207,2015-07-21,3,2015-Q3,71,71,71,0.0,71,0,0,0
9781407553276,2019-07-23,3,2019-Q3,5,5,5,44.30576441102757,5,0,0,0
9781407553283,2022-03-31,1,2022-Q1,10,10,10,0.0,10,0,0,0
9781407553962,2015-07-21,3,2015-Q3,87,87,87,0.0,87,0,0,0
9781407553993,2015-07-21,3,2015-Q3,70,70,70,0.0,70,0,0,0
9781407554648,2015-07-21,3,2015-Q3,5,5,5,0.0,5,0,0,0
9781407560366,2022-03-31,1,2022-Q1,62,62,62,20.26274509803922,62,30,0,0
9781407573427,2015-07-21,3,2015-Q3,1,1,1,0.0,1,0,0,0
9781407573434,2016-07-26,3,2016-Q3,1,1,1,0.0,1,0,0,0
9781407574721,2014-07-22,3,2014-Q3,49,49,49,0.0,49,0,0,0
9781407574745,2014-07-22,3,2014-Q3,50,50,50,0.0,50,0,0,0
9781407574769,2014-07-22,3,2014-Q3,50,50,50,0.0,50,0,0,0
9781407574820,2017-07-25,3,2017-Q3,70,70,70,59.61142857142857,70,0,0,0
9781407575780,2023-03-29,1,2023-Q1,34,34,34,33.33333333333333,80,11,18,29
9781407576497,2015-07-21,3,2015-Q3,1,1,1,0.0,1,0,0,0
9781407581712,2014-07-22,3,2014-Q3,3,3,3,0.0,3,0,0,0
9781407581972,2018-07-24,3,2018-Q3,1,1,1,60.0,1,0,0,0
9781407583792,2014-07-22,3,2014-Q3,10,10,10,0.0,10,0,0,0
9781407583914,2014-07-22,3,2014-Q3,4,4,4,0.0,4,0,0,0
9781407584782,2023-03-30,1,2023-Q1,6,6,6,65.64557686802178,18,4,1,5
9781407590172,2019-07-23,3,2019-Q3,141,141,141,83.30550918196995,141,0,0,0
9781407592664,2014-07-22,3,2014-Q3,6,6,6,1.4225079794997002e-14,6,0,0,0
9781407593180,2014-07-22,3,2014-Q3,10,10,10,0.0,10,0,0,0
9781407593197,2014-07-22,3,2014-Q3,12,12,12,0.0,12,0,0,0
9781407593319,2017-07-25,3,2017-Q3,1,1,1,50.0,1,0,0,0
9781407593326,2017-07-25,3,2017-Q3,17,17,17,50.0,17,0,0,0
9781407593333,2017-07-25,3,2017-Q3,13,13,13,50.0,13,0,0,0
9781407593340,2017-07-25,3,2017-Q3,11,11,11,50.0,11,0,0,0
9781407593357,2017-07-25,3,2017-Q3,14,14,14,50.0,14,0,0,0
9781407593364,2017-07-25,3,2017-Q3,15,15,15,50.0,15,0,0,0
9781408855652,2018-07-24,3,2018-Q3,3,3,3,16.0,3,0,0,0
9781408855669,2018-07-24,3,2018-Q3,5,5,5,11.76470588235294,5,0,0,0
9781408855676,2018-07-24,3,2018-Q3,8,8,8,11.76470588235294,8,0,0,0
9781408855683,2018-07-24,3,2018-Q3,7,7,7,11.851851851851853,7,0,0,0
9781409301783,2023-12-08,4,2023-Q4,16,17,17,82.63421712175175,17,17,0,4
9781409301936,2014-07-22,3,2014-Q3,17,17,17,-22.92307692307691,17,0,0,0
9781409301943,2015-07-21,3,2015-Q3,9,9,9,-6.533333333333341,9,0,0,0
9781409303183,2015-07-21,3,2015-Q3,31,31,31,-6.533333333333341,31,0,0,0
9781409304616,2014-07-22,3,2014-Q3,30,30,30,-22.92307692307693,30,0,0,0
9781409304845,2014-07-22,3,2014-Q3,20,20,20,-22.92307692307693,20,0,0,0
9781409304852,2014-07-22,3,2014-Q3,21,21,21,-33.38898163606011,21,0,0,0
9781409304869,2014-07-22,3,2014-Q3,21,21,21,-33.38898163606011,21,0,0,0
9781409304876,2014-07-22,3,2014-Q3,22,22,22,-6.533333333333322,22,0,0,0
9781409305088,2014-07-22,3,2014-Q3,1,1,1,-9.159663865546223,1,0,0,0
9781409305781,2014-07-22,3,2014-Q3,18,18,18,-6.533333333333341,18,0,0,0
9781409305996,2014-07-22,3,2014-Q3,17,17,17,-35.42372881355931,17,0,0,0
9781409306177,2014-07-22,3,2014-Q3,29,29,29,-6.533333333333322,29,0,0,0
9781409308614,2014-07-22,3,2014-Q3,21,21,21,0.0,21,0,0,0
9781409308621,2015-07-21,3,2015-Q3,1,1,1,15.423728813559324,1,0,0,0
9781409308638,2015-07-21,3,2015-Q3,3,3,3,13.333333333333334,3,0,0,0
9781409308645,2014-07-22,3,2014-Q3,21,21,21,-6.533333333333341,21,0,0,0
9781409309062,2014-07-22,3,2014-Q3,20,20,20,-6.533333333333341,20,0,0,0
9781409309079,2014-07-22,3,2014-Q3,20,20,20,-6.533333333333341,20,0,0,0
9781409309086,2014-07-22,3,2014-Q3,18,18,18,-22.92307692307693,18,0,0,0
9781409309727,2014-07-22,3,2014-Q3,20,20,20,-10.16949152542373,20,0,0,0
9781409312123,2014-07-22,3,2014-Q3,16,16,16,-6.533333333333341,16,0,0,0
9781409312130,2014-07-22,3,2014-Q3,12,12,12,-6.741573033707865,12,0,0,0
9781409312147,2014-07-22,3,2014-Q3,25,25,25,-6.533333333333341,25,0,0,0
9781409312154,2014-07-22,3,2014-Q3,21,21,21,-6.533333333333341,21,0,0,0
9781409313205,2014-07-22,3,2014-Q3,27,27,27,-6.533333333333341,27,0,0,0
9781409313212,2014-07-22,3,2014-Q3,14,14,14,-9.523809523809524,14,0,0,0
9781409313243,2014-07-22,3,2014-Q3,15,15,15,-9.159663865546223,15,0,0,0
9781409313298,2014-07-22,3,2014-Q3,18,18,18,-23.714285714285694,18,0,0,0
9781409507413,2015-07-21,3,2015-Q3,3,3,3,-7.315436241610743,3,0,0,0
9781409507819,2014-07-22,3,2014-Q3,6,6,6,-1.7857142857142856,6,0,0,0
9781409509233,2015-07-21,3,2015-Q3,10,10,10,-6.622222222222225,10,0,0,0
9781409510291,2015-07-21,3,2015-Q3,16,16,16,-6.671114076050701,16,0,0,0
9781409516477,2016-07-26,3,2016-Q3,4,4,4,9.523809523809524,4,0,0,0
9781409519034,2014-07-22,3,2014-Q3,4,4,4,-7.315436241610743,4,0,0,0
9781409519041,2015-07-21,3,2015-Q3,4,4,4,-3.8311688311688346,4,0,0,0
9781409523291,2015-07-21,3,2015-Q3,3,3,3,-3.8311688311688346,3,0,0,0
9781409523338,2014-07-22,3,2014-Q3,2,2,2,-3.8311688311688346,2,0,0,0
9781409523383,2015-07-21,3,2015-Q3,41,41,41,-15.035971223021566,41,0,0,0
9781409532729,2016-07-26,3,2016-Q3,64,64,64,-0.7751937984496124,64,0,0,0
9781409539506,2015-07-21,3,2015-Q3,14,14,14,-15.035971223021589,14,0,0,0
9781409540571,2019-07-23,3,2019-Q3,29,29,29,50.663607045398166,29,0,0,0
9781409549475,2015-07-21,3,2015-Q3,39,39,39,-15.035971223021589,39,0,0,0
9781409549932,2015-07-21,3,2015-Q3,4,4,4,-3.8311688311688346,4,0,0,0
9781409550198,2017-07-25,3,2017-Q3,6,6,6,53.69127516778524,6,0,0,0
9781409550259,2014-07-22,3,2014-Q3,5,5,5,-15.035971223021589,5,0,0,0
9781409551287,2016-07-26,3,2016-Q3,89,89,89,6.474820143884892,89,0,0,0
9781409551768,2015-07-21,3,2015-Q3,37,37,37,-15.035971223021589,37,0,0,0
9781409562108,2014-07-22,3,2014-Q3,2,2,2,-3.8311688311688346,2,0,0,0
9781409562115,2019-07-18,3,2019-Q3,8,8,8,55.1948051948052,8,0,0,0
9781409563938,2017-07-24,3,2017-Q3,26,26,26,50.35971223021583,26,0,0,0
9781409563945,2016-07-26,3,2016-Q3,78,78,78,6.474820143884892,78,0,0,0
9781409563969,2015-07-21,3,2015-Q3,4,4,4,-3.8311688311688346,4,0,0,0
9781409563983,2015-07-21,3,2015-Q3,4,4,4,-3.8311688311688346,4,0,0,0
9781409563990,2016-07-21,3,2016-Q3,4,4,4,5.876623376623375,4,0,0,0
9781409566175,2014-07-22,3,2014-Q3,2,2,2,-15.035971223021589,2,0,0,0
9781409566182,2014-07-22,3,2014-Q3,3,3,3,-15.035971223021589,3,0,0,0
9781409570202,2014-07-22,3,2014-Q3,68,68,68,-16.69449081803005,68,0,0,0
9781409582069,2017-07-25,3,2017-Q3,36,36,36,48.16546762589928,36,0,0,0
9781409582076,2016-07-26,3,2016-Q3,35,35,35,6.474820143884892,35,0,0,0
9781409582083,2016-07-26,3,2016-Q3,121,121,121,6.474820143884892,121,0,0,0
9781409582144,2016-07-26,3,2016-Q3,2,2,2,15.584415584415584,2,0,0,0
9781409582151,2019-07-18,3,2019-Q3,38,38,38,53.994904300273426,38,0,0,0
9781409582168,2017-07-25,3,2017-Q3,29,29,29,46.92307692307691,29,0,0,0
9781409582489,2017-07-25,3,2017-Q3,74,74,74,69.33333333333334,74,0,0,0
9781409582519,2017-07-25,3,2017-Q3,45,45,45,50.38705035971223,45,0,0,0
9781409582588,2016-07-26,3,2016-Q3,5,5,5,6.474820143884892,5,0,0,0
9781409591511,2017-07-25,3,2017-Q3,32,32,32,55.194805194805205,32,0,0,0
9781409591528,2015-07-21,3,2015-Q3,66,66,66,-16.69449081803005,66,0,0,0
9781409597643,2018-07-24,3,2018-Q3,74,74,74,50.35971223021583,74,0,0,0
9781409598978,2017-07-25,3,2017-Q3,32,32,32,51.23376623376625,32,0,0,0
9781409598985,2019-07-18,3,2019-Q3,21,21,21,47.07829457364341,21,0,0,0
9781409598992,2019-07-18,3,2019-Q3,49,49,49,55.34171502256609,49,0,0,0
9781409599197,2017-07-25,3,2017-Q3,16,16,16,55.1948051948052,16,0,0,0
9781409599203,2017-07-25,3,2017-Q3,23,23,23,55.194805194805205,23,0,0,0
9781412705158,2017-07-25,3,2017-Q3,2,2,2,0.0,2,0,0,0
9781412718851,2014-07-22,3,2014-Q3,3,3,3,0.0,3,0,0,0
9781412766944,2014-07-22,3,2014-Q3,3,3,3,9.333333333333334,3,0,0,0
9781416915089,2014-07-22,3,2014-Q3,49,49,49,0.0,49,0,0,0
9781416924784,2014-07-22,3,2014-Q3,60,60,60,0.0,60,0,0,0
9781416958659,2014-07-22,3,2014-Q3,60,60,60,0.0,60,0,0,0
9781416968764,2014-07-22,3,2014-Q3,50,50,50,0.0,50,0,0,0
9781420659191,2017-07-25,3,2017-Q3,1,1,1,0.0,1,0,0,0
9781420659337,2017-07-25,3,2017-Q3,5,5,5,0.0,5,0,0,0
9781420659627,2017-07-25,3,2017-Q3,2,2,2,15.04297994269341,2,0,0,0
9781420659658,2017-07-25,3,2017-Q3,5,5,5,0.0,5,0,0,0
9781420659665,2016-07-26,3,2016-Q3,1,1,1,0.0,1,0,0,0
9781420659696,2017-07-25,3,2017-Q3,5,5,5,0.0,5,0,0,0
9781420659702,2016-07-26,3,2016-Q3,4,4,4,0.0,4,0,0,0
9781420659719,2016-07-26,3,2016-Q3,4,4,4,30.060120240480963,4,0,0,0
9781420659764,2017-07-25,3,2017-Q3,1,1,1,0.0,1,0,0,0
9781426313424,2024-07-05,3,2024-Q3,2,2,2,0.0,2,0,0,0
9781445400006,2015-07-21,3,2015-Q3,8,8,8,0.0,8,0,0,0
9781445400013,2015-07-21,3,2015-Q3,73,73,73,0.0,73,0,0,0
9781445400105,2018-07-24,3,2018-Q3,1,1,1,60.0,1,0,0,0
9781445400235,2014-07-22,3,2014-Q3,19,19,19,0.0,19,0,0,0
9781445400242,2014-07-22,3,2014-Q3,8,8,8,0.0,8,0,0,0
9781445400259,2014-07-22,3,2014-Q3,19,19,19,0.0,19,0,0,0
9781445400266,2014-07-22,3,2014-Q3,9,9,9,0.0,9,0,0,0
9781445400273,2014-07-22,3,2014-Q3,9,9,9,0.0,9,0,0,0
9781445400280,2014-07-22,3,2014-Q3,12,12,12,0.0,12,0,0,0
9781445400297,2014-07-22,3,2014-Q3,11,11,11,0.0,11,0,0,0
9781445400303,2014-07-22,3,2014-Q3,9,9,9,0.0,9,0,0,0
9781445400327,2022-03-31,1,2022-Q1,12,12,12,0.0,12,0,0,0
9781445400341,2022-03-31,1,2022-Q1,12,12,12,0.0,12,0,0,0
9781445400358,2022-03-31,1,2022-Q1,12,12,12,0.0,12,0,0,0
9781445400440,2018-07-24,3,2018-Q3,2,2,2,0.0,2,0,0,0
9781445400518,2018-07-24,3,2018-Q3,1,1,1,0.0,1,0,0,0
9781445400617,2018-07-24,3,2018-Q3,1,1,1,60.0,1,0,0,0
9781445400785,2023-03-29,1,2023-Q1,41,41,41,33.333333333333314,50,0,0,0
9781445406497,2014-07-22,3,2014-Q3,5,5,5,0.0,5,0,0,0
9781445406527,2014-07-22,3,2014-Q3,7,7,7,0.0,7,0,0,0
9781445406534,2014-07-22,3,2014-Q3,7,7,7,0.0,7,0,0,0
9781445407302,2018-07-24,3,2018-Q3,1,1,1,0.0,1,0,0,0
9781445410364,2014-07-22,3,2014-Q3,1,1,1,0.0,1,0,0,0
9781445410371,2014-07-22,3,2014-Q3,7,7,7,0.0,7,0,0,0
9781445412283,2018-07-24,3,2018-Q3,1,1,1,59.942775393419176,1,0,0,0
9781445415505,2019-07-23,3,2019-Q3,65,65,65,79.95991983967936,65,0,0,0
9781445415529,2018-07-24,3,2018-Q3,1,1,1,0.0,1,0,0,0
9781445416793,2023-07-19,3,2023-Q3,5,5,5,55.55555555555555,5,1,0,0
9781445418223,2014-07-22,3,2014-Q3,10,10,10,0.0,10,0,0,0
9781445418414,2019-07-23,3,2019-Q3,47,47,47,77.27272727272727,47,0,0,0
9781445420912,2014-07-22,3,2014-Q3,2,2,2,0.0,2,0,0,0
9781445421179,2015-07-21,3,2015-Q3,1,1,1,0.0,1,0,0,0
9781445421278,2014-07-22,3,2014-Q3,10,10,10,0.0,10,0,0,0
9781445422770,2014-07-22,3,2014-Q3,1,1,1,0.0,1,0,0,0
9781445425917,2016-07-26,3,2016-Q3,51,51,51,0.0,51,0,0,0
9781445425924,2016-07-26,3,2016-Q3,154,154,154,0.0,154,0,0,0
9781445427478,2017-07-25,3,2017-Q3,19,19,19,50.0,19,0,0,0
9781445427485,2017-07-25,3,2017-Q3,1,1,1,0.0,1,0,0,0
9781445427492,2017-07-25,3,2017-Q3,16,16,16,50.0,16,0,0,0
9781445427508,2015-07-21,3,2015-Q3,2,2,2,50.0,2,0,0,0
9781445440866,2015-07-21,3,2015-Q3,10,10,10,0.0,10,0,0,0
9781445441559,2015-07-21,3,2015-Q3,1,1,1,0.0,1,0,0,0
9781445447766,2014-07-22,3,2014-Q3,6,6,6,0.0,6,0,0,0
9781445452388,2014-07-22,3,2014-Q3,3,3,3,0.0,3,0,0,0
9781445465456,2014-07-22,3,2014-Q3,23,23,23,0.0,23,0,0,0
9781445465463,2014-07-22,3,2014-Q3,25,25,25,0.0,25,0,0,0
9781445468341,2015-07-21,3,2015-Q3,2,2,2,0.0,2,0,0,0
9781445468358,2015-07-21,3,2015-Q3,2,2,2,0.0,2,0,0,0
9781445475950,2016-07-26,3,2016-Q3,1,1,1,0.0,1,0,0,0
9781445479613,2015-07-21,3,2015-Q3,1,1,1,0.0,1,0,0,0
9781445480244,2014-07-22,3,2014-Q3,6,6,6,0.0,6,0,0,0
9781445480268,2016-07-21,3,2016-Q3,6,6,6,0.0,6,0,0,0
9781445480312,2016-07-26,3,2016-Q3,1,1,1,0.0,1,0,0,0
9781445480329,2015-07-21,3,2015-Q3,6,6,6,0.0,6,0,0,0
9781445489155,2014-07-22,3,2014-Q3,2,2,2,0.0,2,0,0,0
9781445489162,2014-07-22,3,2014-Q3,4,4,4,0.0,4,0,0,0
9781445489193,2014-07-22,3,2014-Q3,1,1,1,0.0,1,0,0,0
9781447279785,2017-07-25,3,2017-Q3,33,33,33,37.977528089887635,33,0,0,0
9781447279808,2016-07-26,3,2016-Q3,1,1,1,22.47191011235955,1,0,0,0
9781447281580,2016-07-26,3,2016-Q3,3,3,3,22.47191011235955,3,0,0,0
9781447287575,2016-07-26,3,2016-Q3,3,3,3,22.47191011235955,3,0,0,0
9781447287599,2017-07-25,3,2017-Q3,2,2,2,38.20224719101123,2,0,0,0
9781450805759,2016-07-26,3,2016-Q3,4,4,4,0.0,4,0,0,0
9781450825962,2016-07-26,3,2016-Q3,1,1,1,0.0,1,0,0,0
9781450830249,2016-07-26,3,2016-Q3,2,2,2,0.0,2,0,0,0
9781450840415,2016-07-26,3,2016-Q3,1,1,1,0.0,1,0,0,0
9781450844093,2015-07-21,3,2015-Q3,3,3,3,0.0,3,0,0,0
9781450845687,2023-09-24,3,2023-Q3,1,2,2,28.0,2,0,2,11
9781450850018,2015-07-21,3,2015-Q3,11,11,11,0.0,11,0,0,0
9781450860192,2018-07-24,3,2018-Q3,10,10,10,0.0,10,0,0,0
9781450860437,2014-07-22,3,2014-Q3,1,1,1,16.27906976744186,1,0,0,0
9781450860475,2015-07-21,3,2015-Q3,10,10,10,16.27906976744186,10,0,0,0
9781450876087,2015-07-21,3,2015-Q3,1,1,1,0.0,1,0,0,0
9781450877268,2014-07-22,3,2014-Q3,10,10,10,17.75147928994083,10,0,0,0
9781450880831,2015-07-21,3,2015-Q3,2,2,2,0.0,2,0,0,0
9781450881890,2015-07-21,3,2015-Q3,5,5,5,0.0,5,0,0,0
9781450885294,2015-07-21,3,2015-Q3,7,7,7,0.0,7,0,0,0
9781450891387,2016-07-26,3,2016-Q3,1,1,1,0.0,1,0,0,0
9781450891394,2015-07-21,3,2015-Q3,19,19,19,0.0,19,0,0,0
9781450893732,2016-07-26,3,2016-Q3,6,6,6,0.0,6,0,0,0
9781450897815,2016-07-26,3,2016-Q3,5,5,5,0.0,5,0,0,0
9781472305916,2014-07-22,3,2014-Q3,4,4,4,0.0,4,0,0,0
9781472315816,2016-07-26,3,2016-Q3,2,2,2,0.0,2,0,0,0
9781472319838,2016-07-26,3,2016-Q3,1,1,1,0.0,1,0,0,0
9781472323729,2014-07-22,3,2014-Q3,4,4,4,0.0,4,0,0,0
9781472323736,2014-07-22,3,2014-Q3,5,5,5,0.0,5,0,0,0
9781472325228,2015-07-21,3,2015-Q3,22,22,22,0.0,22,0,0,0
9781472325235,2014-07-22,3,2014-Q3,84,84,84,-1.1862149177964945e-14,84,0,0,0
9781472325303,2014-07-22,3,2014-Q3,6,6,6,0.0,6,0,0,0
9781472330536,2014-07-22,3,2014-Q3,9,9,9,0.0,9,0,0,0
9781472331496,2014-07-22,3,2014-Q3,29,29,29,11.333333333333337,29,0,0,0
9781472331960,2016-07-26,3,2016-Q3,6,6,6,0.0,6,0,0,0
9781472337078,2014-07-22,3,2014-Q3,86,86,86,11.333333333333337,86,0,0,0
9781472337139,2015-07-21,3,2015-Q3,7,7,7,0.0,7,0,0,0
9781472337399,2015-07-21,3,2015-Q3,9,9,9,0.0,9,0,0,0
9781472341549,2014-07-22,3,2014-Q3,9,9,9,-1.780808861554136e-14,9,0,0,0
9781472346476,2015-07-21,3,2015-Q3,10,10,10,0.0,10,0,0,0
9781472349378,2024-05-19,2,2024-Q2,1,1,1,60.0,1,0,0,0
9781472352965,2014-07-22,3,2014-Q3,8,8,8,0.0,8,0,0,0
9781472356536,2015-07-21,3,2015-Q3,1,1,1,0.0,1,0,0,0
9781472356970,2014-07-22,3,2014-Q3,6,6,6,1.4225079794997002e-14,6,0,0,0
9781472360410,2014-07-22,3,2014-Q3,4,4,4,0.0,4,0,0,0
9781472367235,2015-07-21,3,2015-Q3,1,1,1,0.0,1,0,0,0
9781472373656,2015-07-21,3,2015-Q3,36,36,36,0.0,36,0,0,0
9781472373830,2017-07-25,3,2017-Q3,7,7,7,0.0,7,0,0,0
9781472374110,2015-07-21,3,2015-Q3,14,14,14,-8.403361344537815,14,0,0,0
9781472377494,2014-07-22,3,2014-Q3,50,50,50,0.0,50,0,0,0
9781472377500,2014-07-22,3,2014-Q3,50,50,50,0.0,50,0,0,0
9781472378491,2015-07-21,3,2015-Q3,25,25,25,0.0,25,0,0,0
9781472378835,2015-07-21,3,2015-Q3,5,5,5,0.0,5,0,0,0
9781472381880,2015-07-21,3,2015-Q3,67,67,67,0.0,67,0,0,0
9781472383280,2019-07-23,3,2019-Q3,4,4,4,0.0,4,0,0,0
9781472385161,2015-07-21,3,2015-Q3,6,6,6,9.230769230769232,6,0,0,0
9781472385192,2015-07-21,3,2015-Q3,4,4,4,9.230769230769232,4,0,0,0
9781472385246,2016-07-26,3,2016-Q3,15,15,15,0.0,15,0,0,0
9781472389206,2018-07-19,3,2018-Q3,6,6,6,25.0,6,0,0,0
9781472389312,2016-07-26,3,2016-Q3,10,10,10,0.0,10,0,0,0
9781472396778,2015-07-21,3,2015-Q3,45,45,45,0.0,45,0,0,0
9781474800754,2015-07-21,3,2015-Q3,2,2,2,0.0,2,0,0,0
9781474801317,2015-07-21,3,2015-Q3,48,48,48,0.0,48,0,0,0
9781474802345,2015-07-21,3,2015-Q3,3,3,3,0.0,3,0,0,0
9781474807159,2015-07-21,3,2015-Q3,19,19,19,0.0,19,0,0,0
9781474812511,2016-07-26,3,2016-Q3,4,4,4,0.0,4,0,0,0
9781474813877,2018-07-24,3,2018-Q3,6,6,6,0.0,6,0,0,0
9781474814751,2016-07-26,3,2016-Q3,6,6,6,0.0,6,0,0,0
9781474822756,2016-07-26,3,2016-Q3,3,3,3,0.0,3,0,0,0
9781474822770,2016-07-26,3,2016-Q3,2,2,2,15.000000000000002,2,0,0,0
9781474823388,2025-06-27,2,2025-Q2,3,3,5,25.025641025641026,5,0,0,0
9781474823418,2025-06-28,2,2025-Q2,5,5,8,18.205128205128204,8,0,0,0
9781474823425,2025-06-21,2,2025-Q2,1,7,8,26.314102564102562,8,0,0,0
9781474823449,2025-06-30,2,2025-Q2,3,3,9,31.68091168091168,9,0,0,0
9781474823456,2025-06-30,2,2025-Q2,3,3,7,32.16117216117216,7,0,0,0
9781474823494,2025-06-30,2,2025-Q2,3,3,8,33.14102564102564,8,0,0,0
9781474823524,2025-07-01,3,2025-Q3,6,6,10,28.02564102564103,10,0,0,0
9781474828611,2016-07-26,3,2016-Q3,7,7,7,0.0,7,0,0,0
9781474828628,2016-07-26,3,2016-Q3,30,30,30,0.0,30,0,0,0
9781474828642,2016-07-26,3,2016-Q3,3,3,3,0.0,3,0,0,0
9781474836005,2016-07-26,3,2016-Q3,18,18,18,12.658227848101266,18,0,0,0
9781474836333,2016-07-26,3,2016-Q3,87,87,87,0.0,87,0,0,0
9781474838832,2016-07-26,3,2016-Q3,69,69,69,0.0,69,0,0,0
9781474845212,2017-07-25,3,2017-Q3,5,5,5,0.0,5,0,0,0
9781474845328,2017-07-25,3,2017-Q3,3,3,3,16.94915254237288,3,0,0,0
9781474845335,2017-07-25,3,2017-Q3,3,3,3,4.999999999999999,3,0,0,0
9781474845632,2017-07-25,3,2017-Q3,42,42,42,1.538461538461538,42,0,0,0
9781474845649,2017-07-25,3,2017-Q3,55,55,55,24.1605136436597,55,0,0,0
9781474851053,2018-07-24,3,2018-Q3,3,3,3,0.0,3,0,0,0
9781474862127,2017-07-25,3,2017-Q3,13,13,13,0.0,13,0,0,0
9781474865869,2017-07-25,3,2017-Q3,7,7,7,0.0,7,0,0,0
9781474865890,2017-07-25,3,2017-Q3,3,3,3,10.0,3,0,0,0
9781474866392,2019-07-23,3,2019-Q3,7,7,7,0.0,7,0,0,0
9781474866415,2017-07-25,3,2017-Q3,1,1,1,0.0,1,0,0,0
9781474869997,2017-07-25,3,2017-Q3,4,4,4,0.0,4,0,0,0
9781474870511,2018-07-24,3,2018-Q3,8,8,8,0.0,8,0,0,0
9781474871921,2017-07-25,3,2017-Q3,26,26,26,0.6045454545454553,26,0,0,0
9781474872010,2017-07-25,3,2017-Q3,34,34,34,1.4576923076923076,34,0,0,0
9781474872034,2017-07-25,3,2017-Q3,19,19,19,0.0,19,0,0,0
9781474872058,2017-07-25,3,2017-Q3,23,23,23,0.0,23,0,0,0
9781474876414,2017-07-25,3,2017-Q3,60,60,60,1.285714285714286,60,0,0,0
9781474877428,2017-07-25,3,2017-Q3,29,29,29,0.8333333333333331,29,0,0,0
9781474892759,2018-07-24,3,2018-Q3,4,4,4,0.0,4,0,0,0
9781474895460,2019-07-23,3,2019-Q3,22,22,22,0.0,22,0,0,0
9781474915083,2016-07-26,3,2016-Q3,144,144,144,14.306151645207441,144,0,0,0
9781474916226,2017-07-25,3,2017-Q3,25,25,25,50.359712230215834,25,0,0,0
9781474917964,2018-07-19,3,2018-Q3,39,39,39,55.19480519480519,39,0,0,0
9781474919043,2017-07-25,3,2017-Q3,33,33,33,53.691275167785236,33,0,0,0
9781474921282,2017-07-25,3,2017-Q3,39,39,39,65.32663316582915,39,0,0,0
9781474922203,2019-07-18,3,2019-Q3,36,36,36,51.0431654676259,36,0,0,0
9781474922661,2018-07-24,3,2018-Q3,58,58,58,55.19480519480519,58,0,0,0
9781474929080,2019-07-17,3,2019-Q3,27,27,27,35.07625272331155,27,0,0,0
9781474936286,2019-07-18,3,2019-Q3,11,11,11,35.07625272331155,11,0,0,0
9781474936576,2019-07-18,3,2019-Q3,21,21,21,50.35971223021583,21,0,0,0
9781474937146,2019-07-23,3,2019-Q3,5,5,5,50.35971223021583,5,0,0,0
9781474947060,2019-07-23,3,2019-Q3,18,18,18,50.35971223021583,18,0,0,0
9781474948166,2019-07-18,3,2019-Q3,40,40,40,50.35971223021583,40,0,0,0
9781481486477,2018-07-24,3,2018-Q3,38,38,38,0.0,38,0,0,0
9781481488976,2018-07-24,3,2018-Q3,10,10,10,0.0,10,0,0,0
9781481489072,2018-07-24,3,2018-Q3,27,27,27,0.0,27,0,0,0
9781481489782,2018-07-24,3,2018-Q3,29,29,29,0.0,29,0,0,0
9781481491754,2018-07-24,3,2018-Q3,30,30,30,0.0,30,0,0,0
9781481491822,2018-07-24,3,2018-Q3,31,31,31,-1.1862149177964945e-14,31,0,0,0
9781488900266,2018-07-24,3,2018-Q3,1,1,1,0.0,1,0,0,0
9781488902321,2017-07-25,3,2017-Q3,4,4,4,0.0,4,0,0,0
9781488904509,2018-07-24,3,2018-Q3,9,9,9,0.0,9,0,0,0
9781488904547,2018-07-24,3,2018-Q3,5,5,5,0.0,5,0,0,0
9781488904752,2017-07-25,3,2017-Q3,6,6,6,0.0,6,0,0,0
9781488905957,2017-07-25,3,2017-Q3,10,10,10,0.0,10,0,0,0
9781488910104,2021-07-20,3,2021-Q3,2,2,2,11.834319526627219,2,0,0,0
9781488912269,2019-07-23,3,2019-Q3,27,27,27,2.500268384326352,27,0,0,0
9781488912306,2019-07-23,3,2019-Q3,22,22,22,0.0,22,0,0,0
9781488925573,2016-07-26,3,2016-Q3,4,4,4,0.0,4,0,0,0
9781488925771,2017-07-25,3,2017-Q3,20,20,20,6.385869565217391,20,0,0,0
9781488928239,2016-07-26,3,2016-Q3,6,6,6,0.0,6,0,0,0
9781488928413,2017-07-25,3,2017-Q3,2,2,2,0.0,2,0,0,0
9781488930010,2025-05-23,2,2025-Q2,1,1,1,91.42857142857143,1,0,0,0
9781488933561,2018-07-24,3,2018-Q3,59,59,59,14.571428571428577,59,0,0,0
9781488933585,2018-07-24,3,2018-Q3,19,19,19,14.571428571428566,19,0,0,0
9781488933622,2018-07-24,3,2018-Q3,17,17,17,14.571428571428566,17,0,0,0
9781488933646,2018-07-24,3,2018-Q3,17,17,17,14.571428571428566,17,0,0,0
9781488933684,2018-07-24,3,2018-Q3,14,14,14,14.571428571428566,14,0,0,0
9781488933707,2018-07-24,3,2018-Q3,17,17,17,14.571428571428566,17,0,0,0
9781488933745,2018-07-24,3,2018-Q3,14,14,14,14.571428571428566,14,0,0,0
9781488933769,2019-07-23,3,2019-Q3,18,18,18,14.571428571428566,18,0,0,0
9781488933806,2018-07-24,3,2018-Q3,7,7,7,-1.1881985547827762e-14,7,0,0,0
9781488933820,2018-07-24,3,2018-Q3,14,14,14,14.571428571428566,14,0,0,0
9781488933868,2018-07-24,3,2018-Q3,9,9,9,14.571428571428566,9,0,0,0
9781488933882,2018-07-24,3,2018-Q3,28,28,28,14.571428571428566,28,0,0,0
9781488933929,2018-07-24,3,2018-Q3,30,30,30,14.571428571428577,30,0,0,0
9781488936678,2019-07-23,3,2019-Q3,13,13,13,2.9999999999999902,13,0,0,0
9781488940415,2025-05-24,2,2025-Q2,1,1,1,64.28571428571428,1,1,0,0
9781488940477,2025-08-13,3,2025-Q3,1,1,1,42.857142857142854,1,0,0,0
9781488941511,2021-07-20,3,2021-Q3,2,2,2,0.0,2,0,0,0
9781488941542,2025-05-23,2,2025-Q2,3,3,3,62.59026687598115,13,0,0,0
9781488941603,2025-05-25,2,2025-Q2,1,1,1,89.79591836734694,1,0,0,0
9781488947858,2023-12-10,4,2023-Q4,2,2,2,13.076923076923077,2,6,6,0
9781488947865,2024-04-15,2,2024-Q2,1,1,1,18.333333333333332,2,10,0,0
9781503700383,2016-07-26,3,2016-Q3,6,6,6,0.0,6,0,0,0
9781503704930,2016-07-26,3,2016-Q3,6,6,6,0.0,6,0,0,0
9781503710160,2017-07-25,3,2017-Q3,2,2,2,0.0,2,0,0,0
9781503711310,2017-07-25,3,2017-Q3,16,16,16,2.5000000000000004,16,0,0,0
9781503716926,2018-07-24,3,2018-Q3,15,15,15,0.0,15,0,0,0
9781503719828,2018-07-24,3,2018-Q3,18,18,18,0.0,18,0,0,0
9781503721579,2019-07-18,3,2019-Q3,2,2,2,29.200000000000003,2,0,0,0
9781503721760,2022-07-26,3,2022-Q3,12,12,12,4.210526315789473,12,0,9,9
9781503728141,2019-07-23,3,2019-Q3,5,5,5,0.0,5,0,0,0
9781503735002,2021-07-20,3,2021-Q3,6,6,6,0.0,6,0,0,0
9781503740655,2022-07-26,3,2022-Q3,8,8,8,0.0,8,0,0,0
9781503745575,2024-07-17,3,2024-Q3,22,22,22,33.18181818181818,22,0,0,0
9781503752351,2023-03-30,1,2023-Q1,6,6,6,5.7229700390794624,6,0,1,0
9781509833757,2017-07-25,3,2017-Q3,44,44,44,27.510725229826345,44,0,0,0
9781509833771,2019-07-23,3,2019-Q3,19,19,19,28.248965109402725,19,0,0,0
9781509839162,2021-07-20,3,2021-Q3,7,7,7,5.617977528089887,7,0,3,0
9781509839827,2017-07-25,3,2017-Q3,64,64,64,1.8264840182648399,64,0,0,0
9781509864508,2018-07-24,3,2018-Q3,17,17,17,23.166023166023166,17,0,0,0
9781509885275,2021-07-20,3,2021-Q3,11,11,11,5.617977528089887,11,0,3,0
9781524764463,2018-07-20,3,2018-Q3,26,26,26,0.0,26,0,0,0
9781527002944,2019-07-23,3,2019-Q3,2,2,2,14.999999999999995,2,0,0,0
9781527002975,2019-07-23,3,2019-Q3,2,2,2,0.0,2,0,0,0
9781527002982,2018-07-24,3,2018-Q3,11,11,11,24.615384615384617,11,0,0,0
9781527008588,2025-06-18,2,2025-Q2,4,10,10,20.205128205128204,10,0,0,0
9781527008601,2025-06-20,2,2025-Q2,1,4,5,24.666666666666668,10,0,0,0
9781527008618,2025-07-01,3,2025-Q3,2,2,9,33.36182336182336,9,0,0,0
9781527008625,2025-06-20,2,2025-Q2,1,5,5,19.515669515669515,9,0,0,0
9781527010734,2019-07-23,3,2019-Q3,5,5,5,0.0,5,0,0,0
9781527012660,2023-03-29,1,2023-Q1,6,6,6,65.51724137931035,33,9,2,22
9781527012684,2019-07-23,3,2019-Q3,5,5,5,0.0,5,0,0,0
9781529017571,2021-07-15,3,2021-Q3,2,2,2,6.25,2,0,1,0
9781529017922,2021-07-20,3,2021-Q3,20,20,20,9.382022471910114,20,0,0,0
9781529017984,2023-07-19,3,2023-Q3,20,21,22,29.101123595505616,22,0,0,0
9781529019162,2019-07-23,3,2019-Q3,61,61,61,38.95216400911162,61,0,0,0
9781529045932,2022-07-26,3,2022-Q3,22,22,22,0.0,22,0,0,0
9781529047882,2022-07-26,3,2022-Q3,16,16,16,0.0,16,0,0,0
9781529074147,2025-07-16,3,2025-Q3,10,10,10,38.032,10,0,0,0
9781529088601,2023-07-19,3,2023-Q3,48,49,51,32.74950429610046,51,0,0,0
9781529088687,2024-07-05,3,2024-Q3,1,8,16,34.375,16,0,0,0
9781534401792,2018-07-24,3,2018-Q3,8,8,8,30.05008347245409,8,0,0,0
9781534403758,2018-07-24,3,2018-Q3,29,29,29,0.0,29,0,0,0
9781570644467,2015-07-21,3,2015-Q3,2,2,2,0.0,2,0,0,0
9781586681272,2015-07-21,3,2015-Q3,6,6,6,1.2930714026571431e-14,6,0,0,0
9781588659507,2018-07-24,3,2018-Q3,82,82,82,50.0,82,0,0,0
9781588659514,2018-07-24,3,2018-Q3,94,94,94,50.0,94,0,0,0
9781588659521,2018-07-24,3,2018-Q3,93,93,93,50.0,93,0,0,0
9781588659538,2018-07-24,3,2018-Q3,96,96,96,50.0,96,0,0,0
9781592770908,2016-07-26,3,2016-Q3,96,96,96,-1.7852832556786438e-14,96,0,0,0
9781596730366,2025-07-17,3,2025-Q3,4,4,4,62.51137397634213,4,0,0,0
9781596730434,2024-07-19,3,2024-Q3,1,1,1,30.03003003003003,1,0,0,0
9781596730441,2014-07-22,3,2014-Q3,1,1,1,9.099181073703367,1,0,0,0
9781597071895,2014-07-22,3,2014-Q3,3,3,3,0.0,3,0,0,0
9781597071901,2014-07-22,3,2014-Q3,3,3,3,0.0,3,0,0,0
9781597072014,2014-07-22,3,2014-Q3,5,5,5,0.0,5,0,0,0
9781597072229,2014-07-22,3,2014-Q3,5,5,5,0.0,5,0,0,0
9781597072380,2014-07-22,3,2014-Q3,5,5,5,0.0,5,0,0,0
9781597072779,2014-07-22,3,2014-Q3,2,2,2,0.0,2,0,0,0
9781597072960,2014-07-22,3,2014-Q3,2,2,2,0.0,2,0,0,0
9781597073486,2014-07-22,3,2014-Q3,3,3,3,0.0,3,0,0,0
9781597073745,2015-07-21,3,2015-Q3,15,15,15,0.0,15,0,0,0
9781597074346,2014-07-22,3,2014-Q3,4,4,4,0.0,4,0,0,0
9781597074353,2015-07-21,3,2015-Q3,20,20,20,0.0,20,0,0,0
9781597074827,2014-07-22,3,2014-Q3,5,5,5,0.0,5,0,0,0
9781597074834,2014-07-22,3,2014-Q3,5,5,5,0.0,5,0,0,0
9781605535685,2019-07-23,3,2019-Q3,1,1,1,0.0,1,0,0,0
9781616017644,2014-07-22,3,2014-Q3,9,9,9,0.0,9,0,0,0
9781616017651,2014-07-22,3,2014-Q3,7,7,7,0.0,7,0,0,0
9781616017668,2014-07-22,3,2014-Q3,8,8,8,0.0,8,0,0,0
9781616017675,2014-07-22,3,2014-Q3,2,2,2,0.0,2,0,0,0
9781616017682,2014-07-22,3,2014-Q3,4,4,4,0.0,4,0,0,0
9781616017699,2014-07-22,3,2014-Q3,7,7,7,0.0,7,0,0,0
9781616017705,2014-07-22,3,2014-Q3,7,7,7,0.0,7,0,0,0
9781616017712,2014-07-22,3,2014-Q3,9,9,9,0.0,9,0,0,0
9781616017729,2014-07-22,3,2014-Q3,7,7,7,0.0,7,0,0,0
9781616017736,2014-07-22,3,2014-Q3,4,4,4,0.0,4,0,0,0
9781616017743,2014-07-22,3,2014-Q3,8,8,8,0.0,8,0,0,0
9781616017750,2014-07-22,3,2014-Q3,6,6,6,0.0,6,0,0,0
9781616017767,2014-07-22,3,2014-Q3,10,10,10,0.0,10,0,0,0
9781616017774,2014-07-22,3,2014-Q3,5,5,5,0.0,5,0,0,0
9781616017781,2014-07-22,3,2014-Q3,8,8,8,0.0,8,0,0,0
9781616017798,2014-07-22,3,2014-Q3,8,8,8,0.0,8,0,0,0
9781616017804,2014-07-22,3,2014-Q3,5,5,5,0.0,5,0,0,0
9781616017811,2014-07-22,3,2014-Q3,10,10,10,0.0,10,0,0,0
9781616017828,2014-07-22,3,2014-Q3,11,11,11,0.0,11,0,0,0
9781616017835,2014-07-22,3,2014-Q3,11,11,11,0.0,11,0,0,0
9781616017842,2017-07-25,3,2017-Q3,3,3,3,0.0,3,0,0,0
9781616017859,2014-07-22,3,2014-Q3,10,10,10,0.0,10,0,0,0
9781616017866,2014-07-22,3,2014-Q3,6,6,6,0.0,6,0,0,0
9781616017873,2014-07-22,3,2014-Q3,13,13,13,0.0,13,0,0,0
9781616017880,2014-07-22,3,2014-Q3,14,14,14,0.0,14,0,0,0
9781616017897,2014-07-22,3,2014-Q3,15,15,15,0.0,15,0,0,0
9781616017903,2014-07-22,3,2014-Q3,11,11,11,0.0,11,0,0,0
9781616017927,2014-07-22,3,2014-Q3,7,7,7,0.0,7,0,0,0
9781616017934,2014-07-22,3,2014-Q3,9,9,9,0.0,9,0,0,0
9781616017941,2014-07-22,3,2014-Q3,9,9,9,0.0,9,0,0,0
9781616017958,2014-07-22,3,2014-Q3,18,18,18,0.0,18,0,0,0
9781616017965,2014-07-22,3,2014-Q3,9,9,9,0.0,9,0,0,0
9781616017972,2015-07-21,3,2015-Q3,25,25,25,0.0,25,0,0,0
9781616017989,2014-07-22,3,2014-Q3,10,10,10,0.0,10,0,0,0
9781616017996,2014-07-22,3,2014-Q3,12,12,12,0.0,12,0,0,0
9781616018009,2014-07-22,3,2014-Q3,3,3,3,0.0,3,0,0,0
9781616018016,2014-07-22,3,2014-Q3,5,5,5,0.0,5,0,0,0
9781616018023,2014-07-22,3,2014-Q3,4,4,4,0.0,4,0,0,0
9781616018030,2015-07-21,3,2015-Q3,19,19,19,0.0,19,0,0,0
9781616018047,2014-07-22,3,2014-Q3,6,6,6,0.0,6,0,0,0
9781616018054,2014-07-22,3,2014-Q3,7,7,7,0.0,7,0,0,0
9781616018061,2014-07-22,3,2014-Q3,4,4,4,0.0,4,0,0,0
9781616018078,2014-07-22,3,2014-Q3,4,4,4,0.0,4,0,0,0
9781616018085,2014-07-22,3,2014-Q3,3,3,3,0.0,3,0,0,0
9781616018108,2014-07-22,3,2014-Q3,5,5,5,0.0,5,0,0,0
9781616018115,2014-07-22,3,2014-Q3,6,6,6,0.0,6,0,0,0
9781628852134,2018-07-24,3,2018-Q3,93,93,93,30.0,93,0,0,0
9781628852141,2018-07-24,3,2018-Q3,94,94,94,0.0,94,0,0,0
9781629384825,2024-07-06,3,2024-Q3,1,4,4,36.01143674052895,4,0,0,1
9781741219142,2014-07-22,3,2014-Q3,1,1,1,0.0,1,0,0,0
9781741219159,2014-07-22,3,2014-Q3,3,3,3,0.0,3,0,0,0
9781741219166,2014-07-22,3,2014-Q3,4,4,4,0.0,4,0,0,0
9781741219173,2014-07-22,3,2014-Q3,2,2,2,0.0,2,0,0,0
9781741811025,2014-07-22,3,2014-Q3,18,18,18,0.0,18,0,0,0
9781741811391,2014-07-22,3,2014-Q3,2,2,2,0.0,2,0,0,0
9781741811407,2014-07-22,3,2014-Q3,4,4,4,0.0,4,0,0,0
9781741811414,2014-07-22,3,2014-Q3,3,3,3,0.0,3,0,0,0
9781741811421,2014-07-22,3,2014-Q3,1,1,1,0.0,1,0,0,0
9781741815795,2014-07-22,3,2014-Q3,8,8,8,0.0,8,0,0,0
9781741815801,2014-07-22,3,2014-Q3,7,7,7,-1.1881985547827762e-14,7,0,0,0
9781741815818,2014-07-22,3,2014-Q3,5,5,5,0.0,5,0,0,0
9781741815825,2015-07-21,3,2015-Q3,9,9,9,-1.1881985547827762e-14,9,0,0,0
9781741815832,2014-07-22,3,2014-Q3,4,4,4,0.0,4,0,0,0
9781741815849,2014-07-22,3,2014-Q3,2,2,2,0.0,2,0,0,0
9781741815856,2014-07-22,3,2014-Q3,4,4,4,0.0,4,0,0,0
9781741815917,2014-07-22,3,2014-Q3,6,6,6,-1.1881985547827762e-14,6,0,0,0
9781741815924,2014-07-22,3,2014-Q3,1,1,1,0.0,1,0,0,0
9781741815948,2014-07-22,3,2014-Q3,4,4,4,0.0,4,0,0,0
9781741815955,2014-07-22,3,2014-Q3,5,5,5,0.0,5,0,0,0
9781741815962,2015-07-21,3,2015-Q3,15,15,15,0.0,15,0,0,0
9781741816013,2014-07-22,3,2014-Q3,4,4,4,0.0,4,0,0,0
9781741835441,2014-07-22,3,2014-Q3,1,1,1,0.0,1,0,0,0
9781741835465,2014-07-22,3,2014-Q3,1,1,1,0.0,1,0,0,0
9781741835472,2016-07-26,3,2016-Q3,1,1,1,0.0,1,0,0,0
9781741835489,2015-07-21,3,2015-Q3,1,1,1,0.0,1,0,0,0
9781741835496,2015-07-21,3,2015-Q3,1,1,1,0.0,1,0,0,0
9781741835502,2014-07-22,3,2014-Q3,1,1,1,0.0,1,0,0,0
9781741835519,2014-07-22,3,2014-Q3,1,1,1,0.0,1,0,0,0
9781741835564,2014-07-22,3,2014-Q3,1,1,1,0.0,1,0,0,0
9781741835571,2014-07-22,3,2014-Q3,2,2,2,0.0,2,0,0,0
9781741835663,2016-07-26,3,2016-Q3,2,2,2,0.0,2,0,0,0
9781741842449,2014-07-22,3,2014-Q3,10,10,10,21.460674157303362,10,0,0,0
9781741843170,2014-07-22,3,2014-Q3,2,2,2,0.0,2,0,0,0
9781741843187,2014-07-22,3,2014-Q3,2,2,2,0.0,2,0,0,0
9781741843194,2014-07-22,3,2014-Q3,2,2,2,0.0,2,0,0,0
9781741843200,2014-07-22,3,2014-Q3,2,2,2,0.0,2,0,0,0
9781741847628,2014-07-22,3,2014-Q3,14,14,14,0.0,14,0,0,0
9781741848441,2014-07-22,3,2014-Q3,12,12,12,0.0,12,0,0,0
9781741852325,2018-07-24,3,2018-Q3,1,1,1,0.0,1,0,0,0
9781741859058,2016-07-26,3,2016-Q3,1,1,1,0.0,1,0,0,0
9781741859065,2016-07-26,3,2016-Q3,1,1,1,0.0,1,0,0,0
9781741859072,2014-07-22,3,2014-Q3,1,1,1,22.448979591836736,1,0,0,0
9781741859089,2014-07-22,3,2014-Q3,2,2,2,22.448979591836736,2,0,0,0
9781741859096,2014-07-22,3,2014-Q3,2,2,2,22.448979591836736,2,0,0,0
9781741859126,2015-07-21,3,2015-Q3,3,3,3,22.448979591836736,3,0,0,0
9781741859140,2015-07-21,3,2015-Q3,1,1,1,0.0,1,0,0,0
9781741859164,2014-07-22,3,2014-Q3,1,1,1,0.0,1,0,0,0
9781741859171,2014-07-22,3,2014-Q3,1,1,1,0.0,1,0,0,0
9781741859195,2014-07-22,3,2014-Q3,3,3,3,0.0,3,0,0,0
9781741859256,2014-07-22,3,2014-Q3,3,3,3,0.0,3,0,0,0
9781741859263,2015-07-21,3,2015-Q3,4,4,4,0.0,4,0,0,0
9781742819778,2017-07-25,3,2017-Q3,22,22,22,0.6666666666666667,22,0,0,0
9781742819785,2017-07-25,3,2017-Q3,11,11,11,1.5144927536231894,11,0,0,0
9781742819792,2017-07-25,3,2017-Q3,19,19,19,1.111111111111111,19,0,0,0
9781742971414,2017-07-25,3,2017-Q3,2,2,2,0.0,2,0,0,0
9781743006245,2014-07-22,3,2014-Q3,8,8,8,0.0,8,0,0,0
9781743006290,2014-07-22,3,2014-Q3,1,1,1,0.0,1,0,0,0
9781743086766,2014-07-22,3,2014-Q3,6,6,6,0.0,6,0,0,0
9781743086773,2014-07-22,3,2014-Q3,10,10,10,0.0,10,0,0,0
9781743086780,2014-07-22,3,2014-Q3,10,10,10,0.0,10,0,0,0
9781743086803,2014-07-22,3,2014-Q3,22,22,22,-135.59322033898303,22,0,0,0
9781743086810,2014-07-22,3,2014-Q3,18,18,18,-135.59322033898303,18,0,0,0
9781743086827,2014-07-22,3,2014-Q3,24,24,24,0.0,24,0,0,0
9781743088524,2015-07-21,3,2015-Q3,2,2,2,0.0,2,0,0,0
9781743088548,2015-07-21,3,2015-Q3,13,13,13,0.0,13,0,0,0
9781743088555,2015-07-21,3,2015-Q3,19,19,19,44.44444444444444,19,0,0,0
9781743088562,2015-07-21,3,2015-Q3,20,20,20,0.0,20,0,0,0
9781743088579,2015-07-21,3,2015-Q3,21,21,21,0.0,21,0,0,0
9781743408407,2016-07-21,3,2016-Q3,12,12,12,0.0,12,0,0,0
9781743409084,2017-07-25,3,2017-Q3,3,3,3,0.0,3,0,0,0
9781743409107,2017-07-25,3,2017-Q3,3,3,3,0.0,3,0,0,0
9781743466339,2025-07-31,3,2025-Q3,1,1,1,52.10084033613446,1,0,0,0
9781743469590,2014-07-22,3,2014-Q3,20,20,20,0.0,20,0,0,0
9781743469606,2015-07-21,3,2015-Q3,62,62,62,0.0,62,0,0,0
9781743469613,2014-07-22,3,2014-Q3,31,31,31,0.0,31,0,0,0
9781743469620,2014-07-22,3,2014-Q3,10,10,10,0.0,10,0,0,0
9781743469637,2014-07-22,3,2014-Q3,21,21,21,0.0,21,0,0,0
9781743469644,2014-07-22,3,2014-Q3,30,30,30,0.0,30,0,0,0
9781743469651,2015-07-21,3,2015-Q3,64,64,64,0.0,64,0,0,0
9781743469668,2015-07-21,3,2015-Q3,62,62,62,0.0,62,0,0,0
9781743522844,2014-07-22,3,2014-Q3,22,22,22,13.333333333333334,22,0,0,0
9781743522998,2014-07-22,3,2014-Q3,24,24,24,11.333333333333337,24,0,0,0
9781743527764,2017-07-25,3,2017-Q3,1,1,1,0.0,1,0,0,0
9781743529171,2014-07-22,3,2014-Q3,13,13,13,11.76470588235294,13,0,0,0
9781743529188,2014-07-22,3,2014-Q3,29,29,29,11.76470588235294,29,0,0,0
9781743633014,2016-07-26,3,2016-Q3,9,9,9,17.142857142857142,9,0,0,0
9781743633021,2016-07-26,3,2016-Q3,1,1,1,0.0,1,0,0,0
9781743633038,2016-07-26,3,2016-Q3,4,4,4,0.0,4,0,0,0
9781743633069,2015-07-21,3,2015-Q3,17,17,17,0.0,17,0,0,0
9781743633076,2015-07-21,3,2015-Q3,10,10,10,0.0,10,0,0,0
9781743637791,2017-07-25,3,2017-Q3,3,3,3,16.666666666666668,3,0,0,0
9781743638255,2015-07-21,3,2015-Q3,16,16,16,0.0,16,0,0,0
9781743638613,2015-07-21,3,2015-Q3,1,1,1,20.2020202020202,1,0,0,0
9781743677520,2015-07-21,3,2015-Q3,5,5,5,0.0,5,0,0,0
9781743677537,2015-07-21,3,2015-Q3,6,6,6,0.0,6,0,0,0
9781743678015,2018-07-24,3,2018-Q3,13,13,13,0.0,13,0,0,0
9781743678022,2017-07-25,3,2017-Q3,1,1,1,0.0,1,0,0,0
9781743678039,2017-07-25,3,2017-Q3,10,10,10,0.0,10,0,0,0
9781743678053,2017-07-25,3,2017-Q3,10,10,10,0.0,10,0,0,0
9781743678084,2017-07-25,3,2017-Q3,13,13,13,12.86231884057971,13,0,0,0
9781743678114,2015-07-21,3,2015-Q3,12,12,12,0.0,12,0,0,0
9781743678121,2015-07-21,3,2015-Q3,9,9,9,0.0,9,0,0,0
9781743678138,2015-07-21,3,2015-Q3,48,48,48,0.0,48,0,0,0
9781743678190,2015-07-21,3,2015-Q3,30,30,30,0.0,30,0,0,0
9781760061555,2014-07-22,3,2014-Q3,25,25,25,0.0,25,0,0,0
9781760061562,2014-07-22,3,2014-Q3,30,30,30,0.0,30,0,0,0
9781760061579,2014-07-22,3,2014-Q3,30,30,30,0.0,30,0,0,0
9781760061593,2014-07-22,3,2014-Q3,24,24,24,0.0,24,0,0,0
9781760061609,2014-07-22,3,2014-Q3,24,24,24,0.0,24,0,0,0
9781760061616,2014-07-22,3,2014-Q3,24,24,24,0.0,24,0,0,0
9781760061623,2014-07-22,3,2014-Q3,30,30,30,0.0,30,0,0,0
9781760451523,2019-07-23,3,2019-Q3,65,65,65,20.408163265306122,65,0,0,0
9781760451530,2018-07-24,3,2018-Q3,20,20,20,40.816326530612244,20,0,0,0
9781760451547,2018-07-24,3,2018-Q3,20,20,20,49.69387755102041,20,0,0,0
9781760451554,2018-07-24,3,2018-Q3,43,43,43,40.816326530612244,43,0,0,0
9781772380224,2016-07-26,3,2016-Q3,19,19,19,0.0,19,0,0,0
9781780650883,2016-07-26,3,2016-Q3,9,9,9,-1.780808861554136e-14,9,0,0,0
9781780650890,2014-07-22,3,2014-Q3,1,1,1,0.0,1,0,0,0
9781780650906,2014-07-22,3,2014-Q3,2,2,2,0.0,2,0,0,0
9781780650913,2014-07-22,3,2014-Q3,1,1,1,0.0,1,0,0,0
9781780656199,2014-07-22,3,2014-Q3,8,8,8,-20.04008016032064,8,0,0,0
9781781860052,2014-07-22,3,2014-Q3,4,4,4,0.0,4,0,0,0
9781781860069,2014-07-22,3,2014-Q3,4,4,4,0.0,4,0,0,0
9781781860083,2014-07-22,3,2014-Q3,4,4,4,11.76470588235294,4,0,0,0
9781781860182,2014-07-22,3,2014-Q3,2,2,2,0.0,2,0,0,0
9781781860359,2018-07-24,3,2018-Q3,2,2,2,0.0,2,0,0,0
9781781860373,2014-07-22,3,2014-Q3,6,6,6,11.333333333333337,6,0,0,0
9781781860380,2014-07-22,3,2014-Q3,3,3,3,11.333333333333337,3,0,0,0
9781781864470,2016-07-26,3,2016-Q3,1,1,1,0.0,1,0,0,0
9781781864487,2016-07-26,3,2016-Q3,3,3,3,0.0,3,0,0,0
9781781868539,2014-07-22,3,2014-Q3,4,4,4,0.0,4,0,0,0
9781782356158,2016-07-26,3,2016-Q3,11,11,11,13.793103448275861,11,0,0,0
9781782356165,2016-07-26,3,2016-Q3,7,7,7,13.793103448275861,7,0,0,0
9781782356172,2016-07-26,3,2016-Q3,13,13,13,13.793103448275861,13,0,0,0
9781782356189,2016-07-26,3,2016-Q3,7,7,7,13.793103448275861,7,0,0,0
9781782356196,2016-07-26,3,2016-Q3,12,12,12,13.793103448275861,12,0,0,0
9781782356202,2016-07-26,3,2016-Q3,14,14,14,13.793103448275861,14,0,0,0
9781782356219,2016-07-26,3,2016-Q3,14,14,14,13.793103448275861,14,0,0,0
9781782356226,2016-07-26,3,2016-Q3,13,13,13,13.793103448275861,13,0,0,0
9781782356233,2016-07-26,3,2016-Q3,10,10,10,13.793103448275861,10,0,0,0
9781782356240,2016-07-26,3,2016-Q3,11,11,11,13.793103448275861,11,0,0,0
9781782357469,2018-07-24,3,2018-Q3,1,1,1,59.899749373433586,1,0,0,0
9781782357476,2019-07-23,3,2019-Q3,20,20,20,34.360902255639104,20,0,0,0
9781782357490,2019-07-23,3,2019-Q3,21,21,21,100.0,21,0,0,0
9781782357544,2019-07-19,3,2019-Q3,15,15,15,-25.313283208020053,15,0,0,0
9781782960874,2015-07-21,3,2015-Q3,20,20,20,0.0,20,0,0,0
9781782961925,2016-07-26,3,2016-Q3,19,19,19,0.0,19,0,0,0
9781782962137,2016-07-26,3,2016-Q3,19,19,19,0.0,19,0,0,0
9781783931798,2015-07-21,3,2015-Q3,5,5,5,0.0,5,0,0,0
9781783931811,2015-07-21,3,2015-Q3,1,1,1,0.0,1,0,0,0
9781783931828,2015-07-21,3,2015-Q3,5,5,5,0.0,5,0,0,0
9781783933440,2015-07-21,3,2015-Q3,4,4,4,0.0,4,0,0,0
9781783934577,2023-03-29,1,2023-Q1,9,9,9,55.76977401129943,20,10,2,10
9781785983481,2016-07-26,3,2016-Q3,3,3,3,0.0,3,0,0,0
9781785985089,2017-07-25,3,2017-Q3,11,11,11,20.202020202020204,11,0,0,0
9781785985096,2017-07-25,3,2017-Q3,11,11,11,0.0,11,0,0,0
9781785985171,2019-07-17,3,2019-Q3,78,78,78,35.36121841300499,78,0,0,0
9781785986062,2017-07-25,3,2017-Q3,4,4,4,10.0,4,0,0,0
9781785986079,2017-07-25,3,2017-Q3,6,6,6,7.5,6,0,0,0
9781785986086,2017-07-25,3,2017-Q3,6,6,6,7.5,6,0,0,0
9781785986093,2017-07-25,3,2017-Q3,6,6,6,0.0,6,0,0,0
9781785986109,2017-07-24,3,2017-Q3,6,6,6,6.0,6,0,0,0
9781785986116,2017-07-24,3,2017-Q3,8,8,8,3.000000000000001,8,0,0,0
9781785986123,2017-07-24,3,2017-Q3,8,8,8,0.0,8,0,0,0
9781785986130,2017-07-24,3,2017-Q3,6,6,6,3.000000000000001,6,0,0,0
9781785989131,2017-07-25,3,2017-Q3,8,8,8,28.367346938775505,8,0,0,0
9781786705471,2019-07-23,3,2019-Q3,10,10,10,8.57241379310345,10,0,0,0
9781786706959,2019-07-23,3,2019-Q3,9,9,9,4.287356321839077,9,0,0,0
9781786707130,2023-10-05,4,2023-Q4,2,2,2,10.344827586206897,2,0,0,0
9781786707154,2019-07-23,3,2019-Q3,10,10,10,6.668965517241371,10,0,0,0
9781786707543,2019-07-23,3,2019-Q3,10,10,10,0.0,10,0,0,0
9781786920089,2017-07-25,3,2017-Q3,4,4,4,0.0,4,0,0,0
9781786920096,2017-07-25,3,2017-Q3,4,4,4,0.0,4,0,0,0
9781786920102,2017-07-25,3,2017-Q3,4,4,4,0.0,4,0,0,0
9781786920119,2017-07-25,3,2017-Q3,4,4,4,0.0,4,0,0,0
9781786921123,2017-07-19,3,2017-Q3,10,10,10,0.7999999999999997,10,0,0,0
9781786921147,2017-07-19,3,2017-Q3,8,8,8,0.0,8,0,0,0
9781786921307,2017-07-25,3,2017-Q3,9,9,9,0.0,9,0,0,0
9781786921321,2017-07-25,3,2017-Q3,12,12,12,0.0,12,0,0,0
9781786929181,2018-07-24,3,2018-Q3,6,6,6,0.0,6,0,0,0
9781786929747,2018-07-24,3,2018-Q3,1,1,1,0.0,1,0,0,0
9781786929761,2018-07-24,3,2018-Q3,4,4,4,0.0,4,0,0,0
9781786929785,2018-07-24,3,2018-Q3,1,1,1,0.0,1,0,0,0
9781786929815,2018-07-24,3,2018-Q3,4,4,4,0.0,4,0,0,0
9781788108171,2021-07-20,3,2021-Q3,6,6,6,0.0,6,0,0,0
9781788108867,2019-07-23,3,2019-Q3,1,1,1,11.235955056179774,1,0,0,0
9781788240772,2023-07-19,3,2023-Q3,20,20,20,32.04577968526466,20,0,0,0
9781788439848,2021-07-20,3,2021-Q3,33,33,33,14.492753623188406,33,0,0,0
9781789051636,2021-07-20,3,2021-Q3,3,3,3,40.26845637583892,3,0,0,0
9781789052459,2019-07-23,3,2019-Q3,6,6,6,9.999999999999996,6,0,0,0
9781789052473,2019-07-23,3,2019-Q3,4,4,4,13.793103448275861,4,0,0,0
9781789052480,2019-07-23,3,2019-Q3,21,21,21,7.751937984496124,21,0,0,0
9781789052497,2019-07-23,3,2019-Q3,89,89,89,10.531259003169115,89,0,0,0
9781789052640,2022-07-26,3,2022-Q3,20,20,20,0.0,20,0,0,0
9781789055498,2021-07-20,3,2021-Q3,9,9,9,0.0,9,0,1,0
9781789059045,2022-07-26,3,2022-Q3,24,24,24,0.0,24,0,0,0
9781789059595,2021-07-20,3,2021-Q3,9,9,9,0.0,9,0,0,0
9781789470963,2022-07-23,3,2022-Q3,24,24,24,78.90506329113924,24,0,0,0
9781789472714,2021-07-20,3,2021-Q3,12,12,12,14.492753623188406,12,0,0,0
9781800582828,2022-07-26,3,2022-Q3,10,10,10,0.0,10,0,0,0
9781800589933,2022-07-26,3,2022-Q3,50,50,50,25.84782608695652,50,0,0,0
9781837712786,2024-07-18,3,2024-Q3,8,8,8,26.666666666666668,8,0,0,0
9781837712793,2025-07-16,3,2025-Q3,5,5,5,31.01435406698564,5,0,0,0
9781837959099,2025-07-16,3,2025-Q3,9,9,9,39.45205479452055,9,0,0,0
9781838523527,2022-07-26,3,2022-Q3,28,28,28,55.63689700130378,28,0,11,18
9781838527402,2022-07-26,3,2022-Q3,18,18,18,0.0,18,0,0,0
9781842390856,2018-07-24,3,2018-Q3,1,1,1,0.0,1,0,0,0
9781842394328,2014-07-22,3,2014-Q3,26,26,26,0.0,26,0,0,0
9781843224532,2014-07-22,3,2014-Q3,138,138,138,0.0,138,0,0,0
9781844229321,2023-12-15,4,2023-Q4,2,2,2,100.0,2,1,0,0
9781846468131,2023-12-08,4,2023-Q4,12,13,13,79.6136417839256,13,12,0,10
9781846468148,2023-12-08,4,2023-Q4,11,12,12,11.446613921753654,12,11,0,0
9781846469190,2023-12-08,4,2023-Q4,17,18,18,65.95542911332385,18,12,0,7
9781847506740,2015-07-21,3,2015-Q3,47,47,47,0.0,47,0,0,0
9781847507358,2015-07-21,3,2015-Q3,9,9,9,0.0,9,0,0,0
9781847507600,2015-07-21,3,2015-Q3,8,8,8,0.0,8,0,0,0
9781847509024,2015-07-21,3,2015-Q3,6,6,6,0.0,6,0,0,0
9781847509505,2022-07-26,3,2022-Q3,30,30,30,37.421777221526916,30,0,0,0
9781848358973,2014-07-22,3,2014-Q3,11,11,11,0.0,11,0,0,0
9781848358980,2014-07-22,3,2014-Q3,12,12,12,0.0,12,0,0,0
9781848358997,2014-07-22,3,2014-Q3,13,13,13,-1.780808861554136e-14,13,0,0,0
9781848359000,2014-07-22,3,2014-Q3,11,11,11,0.0,11,0,0,0
9781848798564,2015-07-21,3,2015-Q3,9,9,9,-1.1881985547827762e-14,9,0,0,0
9781848798571,2015-07-21,3,2015-Q3,9,9,9,-1.1881985547827762e-14,9,0,0,0
9781848798588,2015-07-21,3,2015-Q3,6,6,6,-1.1881985547827762e-14,6,0,0,0
9781848798595,2015-07-21,3,2015-Q3,8,8,8,0.0,8,0,0,0
9781848798601,2015-07-21,3,2015-Q3,12,12,12,-1.1881985547827762e-14,12,0,0,0
9781848798618,2015-07-21,3,2015-Q3,8,8,8,0.0,8,0,0,0
9781848798625,2015-07-21,3,2015-Q3,13,13,13,0.0,13,0,0,0
9781848798632,2015-07-21,3,2015-Q3,13,13,13,0.0,13,0,0,0
9781848798649,2015-07-21,3,2015-Q3,7,7,7,-1.1881985547827762e-14,7,0,0,0
9781848798656,2015-07-21,3,2015-Q3,6,6,6,-1.1881985547827762e-14,6,0,0,0
9781848798663,2015-07-21,3,2015-Q3,8,8,8,0.0,8,0,0,0
9781848798670,2015-07-21,3,2015-Q3,5,5,5,0.0,5,0,0,0
9781848956711,2018-07-24,3,2018-Q3,1,1,1,0.0,1,0,0,0
9781848956759,2023-07-24,3,2023-Q3,3,3,3,67.63527054108216,3,0,0,1
9781849586207,2014-07-22,3,2014-Q3,17,17,17,0.0,17,0,0,0
9781849587303,2014-07-22,3,2014-Q3,20,20,20,0.0,20,0,0,0
9781849588607,2014-07-22,3,2014-Q3,36,36,36,-1.780808861554136e-14,36,0,0,0
9781859971147,2014-07-22,3,2014-Q3,34,34,34,0.0,34,0,0,0
9781859971192,2014-07-22,3,2014-Q3,2,2,2,0.0,2,0,0,0
9781859972571,2014-07-22,3,2014-Q3,24,24,24,0.0,24,0,0,0
9781859972625,2014-07-22,3,2014-Q3,35,35,35,0.0,35,0,0,0
9781859972779,2014-07-22,3,2014-Q3,12,12,12,0.0,12,0,0,0
9781859972823,2014-07-22,3,2014-Q3,20,20,20,0.0,20,0,0,0
9781859972854,2014-07-22,3,2014-Q3,20,20,20,0.0,20,0,0,0
9781859972908,2014-07-22,3,2014-Q3,38,38,38,0.0,38,0,0,0
9781859973196,2014-07-22,3,2014-Q3,10,10,10,0.0,10,0,0,0
9781859974261,2015-07-21,3,2015-Q3,23,23,23,0.0,23,0,0,0
9781859979303,2014-07-22,3,2014-Q3,11,11,11,0.0,11,0,0,0
9781859979310,2014-07-22,3,2014-Q3,16,16,16,0.0,16,0,0,0
9781905503766,2023-12-15,4,2023-Q4,9,9,9,71.42857142857143,9,5,0,0
9781913484385,2023-12-17,4,2023-Q4,1,1,1,-28.870292887029287,1,0,0,0
9781928089902,2016-07-26,3,2016-Q3,35,35,35,0.0,35,0,0,0
9781933241289,2015-07-21,3,2015-Q3,3,3,3,0.0,3,0,0,0
9781933241494,2015-07-21,3,2015-Q3,2,2,2,0.0,2,0,0,0
9781934968413,2015-07-21,3,2015-Q3,5,5,5,0.0,5,0,0,0
9781934968512,2015-07-21,3,2015-Q3,3,3,3,0.0,3,0,0,0
9781934968529,2015-07-21,3,2015-Q3,3,3,3,0.0,3,0,0,0
9781935800576,2015-07-21,3,2015-Q3,6,6,6,0.0,6,0,0,0
9781935800583,2015-07-21,3,2015-Q3,1,1,1,0.0,1,0,0,0
9781941082249,2016-07-26,3,2016-Q3,4,4,4,0.0,4,0,0,0
9781941082522,2025-07-17,3,2025-Q3,3,3,3,66.66666666666667,3,0,0,0
9782764302781,2016-07-26,3,2016-Q3,55,55,55,0.0,55,0,0,0
9782764302798,2016-07-26,3,2016-Q3,55,55,55,0.0,55,0,0,0
9782764302804,2016-07-26,3,2016-Q3,43,43,43,2.03302642563691e-14,43,0,0,0
9782764315071,2014-07-22,3,2014-Q3,15,15,15,7.4074074074074066,15,0,0,0
9782764315439,2014-07-22,3,2014-Q3,1,1,1,3.10077519379845,1,0,0,0
9782764316320,2015-07-21,3,2015-Q3,2,2,2,0.0,2,0,0,0
9782764316580,2014-07-22,3,2014-Q3,22,22,22,11.76470588235294,22,0,0,0
9782764317532,2014-07-22,3,2014-Q3,1,1,1,0.0,1,0,0,0
9782764317556,2017-07-25,3,2017-Q3,84,84,84,17.894736842105253,84,0,0,0
9782764317563,2015-07-21,3,2015-Q3,4,4,4,-5.932203389830509,4,0,0,0
9782764317631,2016-07-26,3,2016-Q3,1,1,1,7.4074074074074066,1,0,0,0
9782764317969,2016-07-26,3,2016-Q3,1,1,1,0.0,1,0,0,0
9782764318003,2014-07-22,3,2014-Q3,32,32,32,7.4074074074074066,32,0,0,0
9782764318713,2014-07-22,3,2014-Q3,14,14,14,7.4074074074074066,14,0,0,0
9782764318720,2016-07-26,3,2016-Q3,1,1,1,3.10077519379845,1,0,0,0
9782764318980,2015-07-21,3,2015-Q3,2,2,2,0.0,2,0,0,0
9782764319413,2014-07-22,3,2014-Q3,16,16,16,7.4074074074074066,16,0,0,0
9782764319444,2016-07-26,3,2016-Q3,4,4,4,11.76470588235294,4,0,0,0
9782764320303,2015-07-21,3,2015-Q3,4,4,4,0.0,4,0,0,0
9782764320310,2014-07-22,3,2014-Q3,19,19,19,11.76470588235294,19,0,0,0
9782764320693,2014-07-22,3,2014-Q3,7,7,7,8.527131782945736,7,0,0,0
9782764320754,2014-07-22,3,2014-Q3,6,6,6,7.4074074074074066,6,0,0,0
9782764320761,2014-07-22,3,2014-Q3,11,11,11,7.4074074074074066,11,0,0,0
9782764320846,2014-07-22,3,2014-Q3,4,4,4,11.76470588235294,4,0,0,0
9782764320853,2015-07-21,3,2015-Q3,26,26,26,11.76470588235294,26,0,0,0
9782764321232,2014-07-22,3,2014-Q3,7,7,7,8.527131782945736,7,0,0,0
9782764321539,2014-07-22,3,2014-Q3,6,6,6,7.4074074074074066,6,0,0,0
9782764322017,2014-07-22,3,2014-Q3,4,4,4,8.527131782945736,4,0,0,0
9782764322505,2014-07-22,3,2014-Q3,7,7,7,7.4074074074074066,7,0,0,0
9782764322512,2014-07-22,3,2014-Q3,7,7,7,8.527131782945736,7,0,0,0
9782764322529,2015-07-21,3,2015-Q3,10,10,10,7.4074074074074066,10,0,0,0
9782764322567,2014-07-22,3,2014-Q3,20,20,20,7.4074074074074066,20,0,0,0
9782764322574,2015-07-21,3,2015-Q3,5,5,5,11.76470588235294,5,0,0,0
9782764322598,2014-07-22,3,2014-Q3,7,7,7,3.10077519379845,7,0,0,0
9782764322932,2014-07-22,3,2014-Q3,4,4,4,0.0,4,0,0,0
9782764323076,2014-07-22,3,2014-Q3,16,16,16,8.527131782945736,16,0,0,0
9782764323441,2015-07-21,3,2015-Q3,2,2,2,11.76470588235294,2,0,0,0
9782764323502,2014-07-22,3,2014-Q3,15,15,15,0.0,15,0,0,0
9782764323519,2014-07-22,3,2014-Q3,325,325,325,7.4074074074074066,325,0,0,0
9782764323526,2015-07-21,3,2015-Q3,1,1,1,3.10077519379845,1,0,0,0
9782764324028,2014-07-22,3,2014-Q3,81,81,81,7.4074074074074066,81,0,0,0
9782764324110,2016-07-26,3,2016-Q3,10,10,10,7.4074074074074066,10,0,0,0
9782764324134,2016-07-26,3,2016-Q3,4,4,4,11.76470588235294,4,0,0,0
9782764324141,2016-07-26,3,2016-Q3,2,2,2,8.527131782945736,2,0,0,0
9782764324479,2014-07-22,3,2014-Q3,10,10,10,3.10077519379845,10,0,0,0
9782764324745,2014-07-22,3,2014-Q3,11,11,11,7.4074074074074066,11,0,0,0
9782764324813,2014-07-22,3,2014-Q3,20,20,20,7.4074074074074066,20,0,0,0
9782764324905,2016-07-26,3,2016-Q3,4,4,4,7.4074074074074066,4,0,0,0
9782764330081,2014-07-22,3,2014-Q3,139,139,139,11.76470588235294,139,0,0,0
9782764330098,2014-07-22,3,2014-Q3,3,3,3,3.10077519379845,3,0,0,0
9782764330111,2014-07-22,3,2014-Q3,11,11,11,7.4074074074074066,11,0,0,0
9782764330210,2015-07-21,3,2015-Q3,2,2,2,11.76470588235294,2,0,0,0
9782764330234,2015-07-21,3,2015-Q3,24,24,24,7.4074074074074066,24,0,0,0
9782764330470,2015-07-21,3,2015-Q3,19,19,19,0.0,19,0,0,0
9782764330487,2015-07-21,3,2015-Q3,1,1,1,-150.8361204013378,1,0,0,0
9782764330494,2018-07-24,3,2018-Q3,94,94,94,3.010033444816049,94,0,0,0
9782764330500,2018-07-24,3,2018-Q3,66,66,66,3.010033444816049,66,0,0,0
9782764330678,2016-07-26,3,2016-Q3,1,1,1,8.527131782945736,1,0,0,0
9782764330784,2017-07-25,3,2017-Q3,6,6,6,11.76470588235294,6,0,0,0
9782764330890,2015-07-21,3,2015-Q3,11,11,11,7.4074074074074066,11,0,0,0
9782764330920,2015-07-21,3,2015-Q3,14,14,14,7.4074074074074066,14,0,0,0
9782764330944,2015-07-21,3,2015-Q3,94,94,94,7.4074074074074066,94,0,0,0
9782764330982,2016-07-26,3,2016-Q3,2,2,2,3.10077519379845,2,0,0,0
9782764331576,2016-07-26,3,2016-Q3,4,4,4,7.4074074074074066,4,0,0,0
9782764331774,2016-07-26,3,2016-Q3,6,6,6,7.4074074074074066,6,0,0,0
9782764332405,2016-07-26,3,2016-Q3,1,1,1,8.527131782945736,1,0,0,0
9782764332580,2016-07-26,3,2016-Q3,98,98,98,11.76470588235294,98,0,0,0
9782764332603,2016-07-26,3,2016-Q3,126,126,126,7.4074074074074066,126,0,0,0
9782764332627,2016-07-26,3,2016-Q3,16,16,16,3.10077519379845,16,0,0,0
9782764333068,2019-07-23,3,2019-Q3,8,8,8,8.027777777777782,8,0,0,0
9782764333679,2021-07-20,3,2021-Q3,3,3,3,0.0,3,0,0,0
9782764333983,2017-07-25,3,2017-Q3,87,87,87,8.058689458689456,87,0,0,0
9782764333990,2017-07-25,3,2017-Q3,22,22,22,10.74489076814658,22,0,0,0
9782764334492,2024-07-21,3,2024-Q3,1,1,1,57.6271186440678,1,0,0,0
9782764334508,2017-07-25,3,2017-Q3,17,17,17,7.936507936507935,17,0,0,0
9782764334577,2017-07-25,3,2017-Q3,3,3,3,11.76470588235294,3,0,0,0
9782764334591,2018-07-24,3,2018-Q3,5,5,5,11.76470588235294,5,0,0,0
9782764334621,2017-07-25,3,2017-Q3,24,24,24,7.870370370370369,24,0,0,0
9782764335475,2018-07-24,3,2018-Q3,5,5,5,16.666666666666664,5,0,0,0
9782764336472,2018-07-24,3,2018-Q3,14,14,14,7.4074074074074066,14,0,0,0
9782764336717,2019-07-23,3,2019-Q3,4,4,4,7.5,4,0,0,0
9782764336809,2022-07-26,3,2022-Q3,12,12,12,0.0,12,0,0,0
9782764348529,2022-07-26,3,2022-Q3,12,12,12,5.0,12,0,1,2
9782764348833,2019-07-23,3,2019-Q3,48,48,48,6.653703703703704,48,0,0,0
9782764348864,2019-07-23,3,2019-Q3,26,26,26,3.3333333333333424,26,0,0,0
9782764349250,2021-07-20,3,2021-Q3,72,72,72,48.888888888888886,72,0,0,0
9782764349281,2024-04-10,2,2024-Q2,4,4,4,34.08067226890756,8,27,0,0
9782764349298,2024-07-06,3,2024-Q3,4,22,22,45.63666666666666,22,3,0,0
9782764349304,2022-07-26,3,2022-Q3,12,12,12,0.0,12,0,0,0
9782764351437,2021-07-20,3,2021-Q3,5,5,5,0.0,5,0,0,0
9782764351444,2021-07-20,3,2021-Q3,120,120,120,48.888888888888886,120,0,0,0
9786267013823,2023-08-12,3,2023-Q3,1,1,1,35.74074074074074,3,8,2,199
9786267013830,2023-08-12,3,2023-Q3,1,1,1,36.69421487603306,2,7,1,143
9789578930964,2024-05-30,2,2024-Q2,1,1,1,39.8,77,0,0,0
9789673206865,2014-07-22,3,2014-Q3,175,175,175,0.0,175,0,0,0
9789810731540,2015-07-21,3,2015-Q3,7,7,7,0.0,7,0,0,0
9789810745776,2014-07-22,3,2014-Q3,8,8,8,0.0,8,0,0,0
9789810900298,2015-07-21,3,2015-Q3,12,12,12,2.03302642563691e-14,12,0,0,0
9789811106989,2019-07-23,3,2019-Q3,5,5,5,0.0,5,0,0,0
9789811107009,2019-07-23,3,2019-Q3,5,5,5,0.0,5,0,0,0
9789811107016,2019-07-23,3,2019-Q3,8,8,8,0.0,8,0,0,0
9789811107023,2019-07-23,3,2019-Q3,2,2,2,0.0,2,0,0,0
9789811107030,2019-07-23,3,2019-Q3,8,8,8,0.0,8,0,0,0
9789811107047,2019-07-23,3,2019-Q3,4,4,4,0.0,4,0,0,0
9789811107054,2019-07-23,3,2019-Q3,5,5,5,0.0,5,0,0,0
9789811157479,2018-07-23,3,2018-Q3,168,168,168,50.06257822277848,168,0,0,0
9789811157486,2018-07-24,3,2018-Q3,170,170,170,50.06257822277848,170,0,0,0
9789811157493,2018-07-23,3,2018-Q3,162,162,162,50.06257822277848,162,0,0,0
9789811179884,2019-07-18,3,2019-Q3,128,128,128,46.59498207885305,128,0,0,0
9789811191008,2019-07-18,3,2019-Q3,142,142,142,48.65111150843317,142,0,0,0
9789813378124,2023-07-19,3,2023-Q3,87,87,87,45.49499443826473,87,0,0,0
9789813387171,2024-07-17,3,2024-Q3,108,108,108,46.241410497645376,108,0,0,0
9789813387195,2024-07-05,3,2024-Q3,2,91,98,50.69918957571906,98,0,0,0
9789813387386,2023-07-19,3,2023-Q3,91,91,91,45.49499443826474,91,0,0,0
9789813389717,2025-07-16,3,2025-Q3,13,13,13,38.08360441103027,13,0,0,0
9789814820042,2018-07-24,3,2018-Q3,163,163,163,50.06257822277848,163,0,0,0
9789814855792,2021-07-20,3,2021-Q3,4,4,4,24.53293074164937,4,0,0,0
9789814855808,2021-07-20,3,2021-Q3,6,6,6,1.5807402352838713e-14,6,0,0,0
9789814855815,2021-07-20,3,2021-Q3,5,5,5,0.0,5,0,0,0
9789814857970,2021-07-20,3,2021-Q3,9,9,9,0.0,9,0,0,0
9789814857987,2019-07-18,3,2019-Q3,183,183,183,48.763048654280105,183,0,0,0
9789814864008,2021-07-20,3,2021-Q3,7,7,7,1.5807402352838713e-14,7,0,0,0
9789814864015,2021-07-20,3,2021-Q3,6,6,6,1.5807402352838713e-14,6,0,0,0
9789814864046,2021-07-20,3,2021-Q3,1,1,1,0.0,1,0,0,0
9789814885775,2021-07-20,3,2021-Q3,101,101,101,22.465581977471842,101,0,1,0
9789814906531,2021-07-20,3,2021-Q3,139,139,139,45.49499443826474,139,0,0,0
9789814918008,2022-07-26,3,2022-Q3,15,15,15,10.01001001001001,15,0,0,0
9789814919968,2023-07-19,3,2023-Q3,10,10,10,32.035595105672975,10,0,0,0
9789814919975,2021-07-20,3,2021-Q3,4,4,4,0.0,4,0,0,0
9789814919982,2021-07-20,3,2021-Q3,8,8,8,10.01001001001001,8,0,0,0
9789814919999,2023-07-19,3,2023-Q3,10,10,10,29.029029029029026,10,0,0,0
9789814947640,2021-07-20,3,2021-Q3,134,134,134,30.329996292176492,134,0,2,0
9789814947657,2022-07-26,3,2022-Q3,150,150,150,56.61846496106786,150,0,0,0
978981495800,2022-07-26,3,2022-Q3,113,113,113,28.30923248053393,113,0,0,0
9789865528300,2023-03-30,1,2023-Q1,2,2,2,13.111111111111109,2,0,0,0
9789881555700,2015-07-21,3,2015-Q3,12,12,12,0.0,12,0,0,0
9789881555717,2014-07-22,3,2014-Q3,13,13,13,0.0,13,0,0,0
9789881555724,2014-07-22,3,2014-Q3,11,11,11,0.0,11,0,0,0
9789881555731,2014-07-22,3,2014-Q3,9,9,9,0.0,9,0,0,0
9789881555748,2014-07-22,3,2014-Q3,5,5,5,0.0,5,0,0,0
9789881555762,2014-07-22,3,2014-Q3,8,8,8,0.0,8,0,0,0
9789881555779,2014-07-22,3,2014-Q3,2,2,2,0.0,2,0,0,0
9789881555786,2014-07-22,3,2014-Q3,2,2,2,0.0,2,0,0,0
9789881555809,2014-07-22,3,2014-Q3,55,55,55,0.0,55,0,0,0
9789881555816,2014-07-22,3,2014-Q3,12,12,12,0.0,12,0,0,0
9789881555830,2014-07-22,3,2014-Q3,5,5,5,0.0,5,0,0,0
9789881555847,2014-07-22,3,2014-Q3,8,8,8,0.0,8,0,0,0
9789881555861,2014-07-22,3,2014-Q3,21,21,21,0.0,21,0,0,0
9789881555878,2014-07-22,3,2014-Q3,90,90,90,0.0,90,0,0,0
9789881555885,2014-07-22,3,2014-Q3,38,38,38,0.0,38,0,0,0
9789881555892,2014-07-22,3,2014-Q3,51,51,51,0.0,51,0,0,0
9789888138005,2014-07-22,3,2014-Q3,85,85,85,0.0,85,0,0,0
9789888138036,2014-07-22,3,2014-Q3,57,57,57,-1.780808861554136e-14,57,0,0,0
9789888138043,2014-07-22,3,2014-Q3,67,67,67,-1.780808861554136e-14,67,0,0,0
9789888138074,2014-07-22,3,2014-Q3,85,85,85,0.0,85,0,0,0
9789888138081,2014-07-22,3,2014-Q3,60,60,60,0.0,60,0,0,0
9789888138111,2014-07-22,3,2014-Q3,71,71,71,0.0,71,0,0,0
9789888138128,2014-07-22,3,2014-Q3,109,109,109,-1.780808861554136e-14,109,0,0,0
9789888138159,2014-07-22,3,2014-Q3,67,67,67,-1.780808861554136e-14,67,0,0,0
9789888138166,2014-07-22,3,2014-Q3,101,101,101,0.0,101,0,0,0
9789888138197,2014-07-22,3,2014-Q3,74,74,74,0.0,74,0,0,0
9789888138203,2014-07-22,3,2014-Q3,108,108,108,0.0,108,0,0,0
9789888138234,2014-07-22,3,2014-Q3,68,68,68,0.0,68,0,0,0
9789888138241,2014-07-22,3,2014-Q3,52,52,52,-1.780808861554136e-14,52,0,0,0
9789888138258,2023-03-30,1,2023-Q1,6,6,6,0.0,21,11,0,0
9789888138272,2014-07-22,3,2014-Q3,59,59,59,0.0,59,0,0,0
9789888138289,2014-07-22,3,2014-Q3,41,41,41,-1.780808861554136e-14,41,0,0,0
9789888138319,2014-07-22,3,2014-Q3,51,51,51,0.0,51,0,0,0
9789888138326,2014-07-22,3,2014-Q3,72,72,72,-1.780808861554136e-14,72,0,0,0
9789888138357,2014-07-22,3,2014-Q3,66,66,66,0.0,66,0,0,0
9789888138364,2014-07-22,3,2014-Q3,47,47,47,0.0,47,0,0,0
9789888138395,2014-07-22,3,2014-Q3,82,82,82,-1.780808861554136e-14,82,0,0,0
9789888138401,2014-07-22,3,2014-Q3,54,54,54,0.0,54,0,0,0
9789888138432,2014-07-22,3,2014-Q3,50,50,50,0.0,50,0,0,0
9789888138449,2014-07-22,3,2014-Q3,53,53,53,0.0,53,0,0,0
9789888138470,2014-07-22,3,2014-Q3,69,69,69,0.0,69,0,0,0
9789888138487,2014-07-22,3,2014-Q3,66,66,66,0.0,66,0,0,0
9789888138517,2014-07-22,3,2014-Q3,68,68,68,0.0,68,0,0,0
9789888138524,2014-07-22,3,2014-Q3,48,48,48,0.0,48,0,0,0
9789888138555,2014-07-22,3,2014-Q3,72,72,72,-1.780808861554136e-14,72,0,0,0
9789888138562,2014-07-22,3,2014-Q3,48,48,48,0.0,48,0,0,0
9789888138593,2014-07-22,3,2014-Q3,75,75,75,0.0,75,0,0,0
9789888138609,2014-07-22,3,2014-Q3,48,48,48,0.0,48,0,0,0
9789888138630,2014-07-22,3,2014-Q3,109,109,109,-1.780808861554136e-14,109,0,0,0
9789888138647,2014-07-22,3,2014-Q3,44,44,44,0.0,44,0,0,0
9789888138678,2014-07-22,3,2014-Q3,71,71,71,0.0,71,0,0,0
9789888138685,2014-07-22,3,2014-Q3,48,48,48,0.0,48,0,0,0
9789888138715,2014-07-22,3,2014-Q3,63,63,63,0.0,63,0,0,0
9789888138722,2014-07-22,3,2014-Q3,46,46,46,0.0,46,0,0,0
9789888138739,2023-04-02,2,2023-Q2,3,3,3,0.0,8,1,2,0
9789888138753,2014-07-22,3,2014-Q3,78,78,78,0.0,78,0,0,0
9789888138760,2015-07-21,3,2015-Q3,35,35,35,0.0,35,0,0,0
9789888138791,2014-07-22,3,2014-Q3,56,56,56,0.0,56,0,0,0
9789888138807,2014-07-22,3,2014-Q3,27,27,27,0.0,27,0,0,0
9789888138838,2014-07-22,3,2014-Q3,54,54,54,0.0,54,0,0,0
9789888138845,2014-07-22,3,2014-Q3,108,108,108,0.0,108,0,0,0
9789888138876,2014-07-22,3,2014-Q3,109,109,109,-1.780808861554136e-14,109,0,0,0
9789888138883,2014-07-22,3,2014-Q3,92,92,92,0.0,92,0,0,0
9789888138913,2014-07-22,3,2014-Q3,106,106,106,0.0,106,0,0,0
9789888138920,2014-07-22,3,2014-Q3,89,89,89,0.0,89,0,0,0
9789888138937,2023-03-29,1,2023-Q1,4,4,4,0.0,9,0,2,0
9789888138951,2014-07-22,3,2014-Q3,104,104,104,-1.780808861554136e-14,104,0,0,0
9789888138968,2014-07-22,3,2014-Q3,110,110,110,0.0,110,0,0,0
9789888138982,2014-07-22,3,2014-Q3,51,51,51,0.0,51,0,0,0
9789888138999,2014-07-22,3,2014-Q3,74,74,74,0.0,74,0,0,0
9789888155002,2017-07-25,3,2017-Q3,7,7,7,0.0,7,0,0,0
9789888155019,2014-07-22,3,2014-Q3,29,29,29,-120.0,29,0,0,0
9789888155026,2014-07-22,3,2014-Q3,35,35,35,-120.0,35,0,0,0
9789888155033,2014-07-22,3,2014-Q3,28,28,28,-120.0,28,0,0,0
9789888155040,2014-07-22,3,2014-Q3,29,29,29,-120.0,29,0,0,0
9789888155057,2014-07-22,3,2014-Q3,16,16,16,-120.0,16,0,0,0
9789888155064,2014-07-22,3,2014-Q3,18,18,18,-120.0,18,0,0,0
9789888155071,2014-07-22,3,2014-Q3,93,93,93,0.0,93,0,0,0
9789888155088,2014-07-22,3,2014-Q3,88,88,88,0.0,88,0,0,0
9789888155095,2014-07-22,3,2014-Q3,49,49,49,0.0,49,0,0,0
9789888155101,2014-07-22,3,2014-Q3,78,78,78,0.0,78,0,0,0
9789888155118,2014-07-22,3,2014-Q3,81,81,81,0.0,81,0,0,0
9789888155125,2014-07-22,3,2014-Q3,57,57,57,-1.780808861554136e-14,57,0,0,0
9789888155132,2014-07-22,3,2014-Q3,89,89,89,0.0,89,0,0,0
9789888155149,2014-07-22,3,2014-Q3,71,71,71,0.0,71,0,0,0
9789888155156,2014-07-22,3,2014-Q3,87,87,87,0.0,87,0,0,0
9789888155163,2014-07-22,3,2014-Q3,106,106,106,0.0,106,0,0,0
9789888155170,2014-07-22,3,2014-Q3,108,108,108,0.0,108,0,0,0
9789888155187,2014-07-22,3,2014-Q3,109,109,109,-1.780808861554136e-14,109,0,0,0
9789888155194,2014-07-22,3,2014-Q3,109,109,109,-1.780808861554136e-14,109,0,0,0
9789888155200,2014-07-22,3,2014-Q3,58,58,58,0.0,58,0,0,0
9789888155217,2014-07-22,3,2014-Q3,39,39,39,0.0,39,0,0,0
9789888155224,2014-07-22,3,2014-Q3,27,27,27,0.0,27,0,0,0
9789888155255,2014-07-22,3,2014-Q3,51,51,51,0.0,51,0,0,0
9789888155262,2014-07-22,3,2014-Q3,49,49,49,0.0,49,0,0,0
9789888155279,2014-07-22,3,2014-Q3,47,47,47,0.0,47,0,0,0
9789888155286,2014-07-22,3,2014-Q3,47,47,47,0.0,47,0,0,0
9789888155293,2014-07-22,3,2014-Q3,108,108,108,0.0,108,0,0,0
9789888155309,2014-07-22,3,2014-Q3,59,59,59,0.0,59,0,0,0
9789888155316,2014-07-22,3,2014-Q3,41,41,41,-1.780808861554136e-14,41,0,0,0
9789888155323,2014-07-22,3,2014-Q3,109,109,109,-1.780808861554136e-14,109,0,0,0
9789888155330,2014-07-22,3,2014-Q3,79,79,79,0.0,79,0,0,0
9789888155347,2014-07-22,3,2014-Q3,64,64,64,0.0,64,0,0,0
9789888155354,2014-07-22,3,2014-Q3,34,34,34,0.0,34,0,0,0
9789888155361,2014-07-22,3,2014-Q3,42,42,42,0.0,42,0,0,0
9789888155378,2014-07-22,3,2014-Q3,52,52,52,-1.780808861554136e-14,52,0,0,0
9789888155385,2014-07-22,3,2014-Q3,148,148,148,0.0,148,0,0,0
9789888155392,2014-07-22,3,2014-Q3,142,142,142,0.0,142,0,0,0
9789888155408,2014-07-22,3,2014-Q3,210,210,210,0.0,210,0,0,0
9789888155415,2014-07-22,3,2014-Q3,126,126,126,0.0,126,0,0,0
9789888155422,2014-07-22,3,2014-Q3,132,132,132,0.0,132,0,0,0
9789888155439,2014-07-22,3,2014-Q3,32,32,32,0.0,32,0,0,0
9789888155446,2014-07-22,3,2014-Q3,31,31,31,0.0,31,0,0,0
9789888155453,2014-07-22,3,2014-Q3,14,14,14,0.0,14,0,0,0
9789888155460,2014-07-22,3,2014-Q3,7,7,7,0.0,7,0,0,0
9789888155477,2014-07-22,3,2014-Q3,9,9,9,1.7774677567482182e-14,9,0,0,0
9789888155484,2014-07-22,3,2014-Q3,12,12,12,0.0,12,0,0,0
9789888155491,2015-07-21,3,2015-Q3,6,6,6,0.0,6,0,0,0
9789888155507,2015-07-21,3,2015-Q3,1,1,1,0.0,1,0,0,0
9789888155514,2015-07-21,3,2015-Q3,8,8,8,0.0,8,0,0,0
9789888155521,2015-07-21,3,2015-Q3,4,4,4,0.0,4,0,0,0
9789888155538,2015-07-21,3,2015-Q3,6,6,6,0.0,6,0,0,0
9789888155545,2015-07-21,3,2015-Q3,3,3,3,0.0,3,0,0,0
9789888155552,2015-07-21,3,2015-Q3,7,7,7,0.0,7,0,0,0
9789888155569,2015-07-21,3,2015-Q3,2,2,2,0.0,2,0,0,0
9789888155576,2015-07-21,3,2015-Q3,6,6,6,0.0,6,0,0,0
9789888155583,2015-07-21,3,2015-Q3,6,6,6,0.0,6,0,0,0
9789888155590,2015-07-21,3,2015-Q3,1,1,1,0.0,1,0,0,0
9789888155606,2022-03-31,1,2022-Q1,1,1,1,0.0,1,0,0,0
9789888155613,2015-07-21,3,2015-Q3,1,1,1,0.0,1,0,0,0
9789888155620,2022-03-31,1,2022-Q1,1,1,1,0.0,1,0,0,0
9789888155637,2015-07-21,3,2015-Q3,5,5,5,0.0,5,0,0,0
9789888155644,2015-07-21,3,2015-Q3,4,4,4,0.0,4,0,0,0
9789888155651,2015-07-21,3,2015-Q3,6,6,6,0.0,6,0,0,0
9789888155668,2015-07-21,3,2015-Q3,2,2,2,0.0,2,0,0,0
9789888155675,2015-07-21,3,2015-Q3,4,4,4,0.0,4,0,0,0
9789888155682,2015-07-21,3,2015-Q3,1,1,1,0.0,1,0,0,0
9789888155699,2015-07-21,3,2015-Q3,2,2,2,0.0,2,0,0,0
9789888155705,2015-07-21,3,2015-Q3,2,2,2,0.0,2,0,0,0
9789888155712,2015-07-21,3,2015-Q3,4,4,4,0.0,4,0,0,0
9789888155729,2015-07-21,3,2015-Q3,2,2,2,0.0,2,0,0,0
9789888155736,2015-07-21,3,2015-Q3,6,6,6,0.0,6,0,0,0
9789888155743,2015-07-21,3,2015-Q3,1,1,1,0.0,1,0,0,0
9789888155750,2015-07-21,3,2015-Q3,7,7,7,0.0,7,0,0,0
9789888155767,2015-07-21,3,2015-Q3,8,8,8,0.0,8,0,0,0
9789888155774,2015-07-21,3,2015-Q3,8,8,8,0.0,8,0,0,0
9789888155781,2015-07-21,3,2015-Q3,7,7,7,0.0,7,0,0,0
9789888155798,2015-07-21,3,2015-Q3,1,1,1,0.0,1,0,0,0
9789888155804,2015-07-21,3,2015-Q3,1,1,1,0.0,1,0,0,0
9789888155811,2015-07-21,3,2015-Q3,1,1,1,0.0,1,0,0,0
9789888155828,2025-05-25,2,2025-Q2,1,1,1,64.30360721442887,7,1,0,0
9789888155835,2015-07-21,3,2015-Q3,2,2,2,0.0,2,0,0,0
9789888155842,2015-07-21,3,2015-Q3,7,7,7,0.0,7,0,0,0
9789888155859,2015-07-21,3,2015-Q3,10,10,10,0.0,10,0,0,0
9789888155865,2015-07-21,3,2015-Q3,6,6,6,0.0,6,0,0,0
9789888155873,2015-07-21,3,2015-Q3,8,8,8,0.0,8,0,0,0
9789888155880,2015-07-21,3,2015-Q3,4,4,4,0.0,4,0,0,0
9789888155897,2015-07-21,3,2015-Q3,21,21,21,0.0,21,0,0,0
9789888155910,2015-07-21,3,2015-Q3,19,19,19,0.0,19,0,0,0
9789888155934,2016-07-26,3,2016-Q3,17,17,17,0.0,17,0,0,0
9789888155941,2016-07-26,3,2016-Q3,22,22,22,0.0,22,0,0,0
9789888155958,2016-07-26,3,2016-Q3,16,16,16,0.0,16,0,0,0
9789888155965,2016-07-26,3,2016-Q3,30,30,30,0.0,30,0,0,0
9789888155972,2016-07-21,3,2016-Q3,39,39,39,0.0,39,0,0,0
9789888155989,2017-07-25,3,2017-Q3,9,9,9,-125.0,9,0,0,0
9789888155996,2017-07-25,3,2017-Q3,3,3,3,0.0,3,0,0,0
9789888367009,2017-07-25,3,2017-Q3,7,7,7,0.0,7,0,0,0
9789888367016,2017-07-25,3,2017-Q3,10,10,10,4.0,10,0,0,0
9789888367023,2017-07-25,3,2017-Q3,7,7,7,0.0,7,0,0,0
9789888367030,2017-07-25,3,2017-Q3,43,43,43,0.9166666666666666,43,0,0,0
9789888367047,2017-07-25,3,2017-Q3,19,19,19,1.8181818181818181,19,0,0,0
9789888367054,2017-07-25,3,2017-Q3,20,20,20,0.0,20,0,0,0
9789888367061,2018-07-24,3,2018-Q3,29,29,29,0.0,29,0,0,0
9789888367078,2018-07-24,3,2018-Q3,32,32,32,0.0,32,0,0,0
9789888367085,2019-07-19,3,2019-Q3,38,38,38,27.309621621621623,38,0,0,0
9789888367092,2018-07-24,3,2018-Q3,72,72,72,0.0,72,0,0,0
9789888367108,2019-07-19,3,2019-Q3,21,21,21,25.0,21,0,0,0
