isbn,title,series,year_quarter,q_num,q_since_first,trandate,marked_price,book_original_price,invoice,quantity,price,discount,disc_amt,amount,year,month,first_trandate
9789810745776,Captain Underpants #10: And The Revolt- ing Revenge,captain_underpants,2014Q1,1,0,2014-02-28,69.9,69.90,30002957,20,54.8715,70,0,329.229,2014,2,2014-01-03
9780545499088,The Adventures of Captain Underpants: Color Edition,captain_underpants,2014Q1,1,0,2014-02-28,99.9,99.90,30002957,20,78.4215,70,0,470.529,2014,2,2014-01-03
9780545615228,Klutz: The Captain Underpants Super-Silly Sticker Studio,captain_underpants,2014Q2,2,1,2014-04-16,169.9,169.90,30003159,48,133.3715,70,0,1920.581,2014,4,2014-01-03
9780545175340,Captain Underpants and the Terrifying Return of Tippy Tinkletrousers,captain_underpants,2014Q2,2,1,2014-04-16,99.9,99.90,30003159,10,78.4215,70,0,235.2645,2014,4,2014-01-03
9780545599320,Captain Underpants #2 HB And The Attack Of The Talking Toilets: Color Edition,captain_underpants,2014Q3,3,2,2014-07-14,99.9,99.90,30003430,20,78.4215,75,0,392.1075,2014,7,2014-01-03
9780545504904,Captain Underpants And The Tyrannical Retaliation Of The Turbo Toilet 2000,captain_underpants,2014Q4,4,3,2014-12-03,99.9,99.90,30003777,20,78.4215,65,0,548.9505,2014,12,2014-01-03
9780545499088,The Adventures of Captain Underpants: Color Edition,captain_underpants,2015Q1,1,4,2015-02-10,99.9,99.90,30003781,10,78.4215,65,0,274.436,2015,2,2014-01-03
9780545599320,Captain Underpants #2 HB And The Attack Of The Talking Toilets: Color Edition,captain_underpants,2015Q1,1,4,2015-02-10,99.9,99.90,30003781,10,78.4215,65,0,274.436,2015,2,2014-01-03
9789810745776,Captain Underpants #10: And The Revolt- ing Revenge,captain_underpants,2015Q1,1,4,2015-02-10,69.9,69.90,30003781,15,54.8715,65,0,288.095,2015,2,2014-01-03
9789810900298,Captain Underpants #11: and the Tyrannic Retaliation of the Turbo Toilet 2000,captain_underpants,2015Q1,1,4,2015-02-10,69.9,69.90,30003781,40,54.8715,65,0,768.201,2015,2,2014-01-03
9781407139593,Captain Underpants and the Attack of the Talking Toilets,captain_underpants,2015Q2,2,5,2015-04-16,99.9,99.90,30003736,50,25.87,60,0,517.4,2015,4,2014-01-03
9789810731540,Captain Underpants #9: and the TerrifyingReturn of Tippy Tinkletrousers,captain_underpants,2015Q3,3,6,2015-07-03,69.9,69.90,30004114,50,54.8715,75,0,685.8545,2015,7,2014-01-03
9789810745776,Captain Underpants #10: And The Revolt- ing Revenge,captain_underpants,2015Q3,3,6,2015-07-03,69.9,69.90,30004114,50,54.8715,75,0,685.8545,2015,7,2014-01-03
9780545599320,Captain Underpants #2 HB And The Attack Of The Talking Toilets: Color Edition,captain_underpants,2015Q3,3,6,2015-07-03,99.9,99.90,30004114,30,78.4215,75,0,588.122,2015,7,2014-01-03
9789810900298,Captain Underpants #11: and the Tyrannic Retaliation of the Turbo Toilet 2000,captain_underpants,2015Q3,3,6,2015-07-03,69.9,69.90,30004114,50,54.8715,75,0,685.8545,2015,7,2014-01-03
9780545175340,Captain Underpants and the Terrifying Return of Tippy Tinkletrousers,captain_underpants,2015Q3,3,6,2015-07-10,99.9,99.90,30004020,30,78.4215,75,0,588.122,2015,7,2014-01-03
9780545694704,Captain Underpants #3 HB And the Invasion of the Incredibly Naughty,captain_underpants,2015Q3,3,6,2015-07-10,99.9,99.90,30004020,30,78.4215,75,0,588.122,2015,7,2014-01-03
9780545694704,Captain Underpants #3 HB And the Invasion of the Incredibly Naughty,captain_underpants,2015Q4,4,7,2015-11-28,99.9,99.90,30004452,10,78.4215,65,0,274.436,2015,11,2014-01-03
9780545499088,The Adventures of Captain Underpants: Color Edition,captain_underpants,2015Q4,4,7,2015-12-30,99.9,99.90,30004296,20,78.4215,65,0,548.9505,2015,12,2014-01-03
9780545870115,Captain Underpants: Color Collection (Book 1-3),captain_underpants,2015Q4,4,7,2015-12-30,389.0,299.00,30004296,20,235.2645,65,0,1646.8515,2015,12,2014-01-03
9789810745776,Captain Underpants #10: And The Revolt- ing Revenge,captain_underpants,2015Q4,4,7,2015-12-30,69.9,69.90,30004296,15,54.8715,65,0,288.095,2015,12,2014-01-03
9781447279808,Andy Griffiths: The 26-Storey Treehouse,andy_griffiths,2016Q1,1,8,2016-02-15,89.0,95.00,30004462,10,77.87,65,0,272.48,2016,2,2014-01-03
9781447281580,Andy Griffiths: The 39-Storey Treehouse,andy_griffiths,2016Q1,1,8,2016-02-15,89.0,95.00,30004462,40,77.87,65,0,1090.18,2016,2,2014-01-03
9781447279785,Andy Griffiths: The 13-Storey Treehouse (Export Edt),andy_griffiths,2016Q1,1,8,2016-02-15,89.0,95.00,30004462,10,77.87,65,0,272.48,2016,2,2014-01-03
9781447287575,Andy Griffiths: The 52-Storey Treehouse,andy_griffiths,2016Q1,1,8,2016-02-15,89.0,95.00,30004462,30,77.87,65,0,817.57,2016,2,2014-01-03
9789810900298,Captain Underpants #11: and the Tyrannic Retaliation of the Turbo Toilet 2000,captain_underpants,2016Q2,2,9,2016-05-16,69.9,69.90,30004486,20,54.8715,65,0,384.1005,2016,5,2014-01-03
9789810900298,Captain Underpants #11: and the Tyrannic Retaliation of the Turbo Toilet 2000,captain_underpants,2016Q2,2,9,2016-06-10,69.9,69.90,30004502,50,54.8715,75,0,685.8545,2016,6,2014-01-03
9789810745776,Captain Underpants #10: And The Revolt- ing Revenge,captain_underpants,2016Q2,2,9,2016-06-10,69.9,69.90,30004502,50,54.8715,75,0,685.8545,2016,6,2014-01-03
9780545499088,The Adventures of Captain Underpants: Color Edition,captain_underpants,2016Q2,2,9,2016-06-10,99.9,99.90,30004502,30,78.4215,75,0,588.122,2016,6,2014-01-03
9789810731540,Captain Underpants #9: and the TerrifyingReturn of Tippy Tinkletrousers,captain_underpants,2016Q2,2,9,2016-06-10,69.9,69.90,30004502,50,54.8715,75,0,685.8545,2016,6,2014-01-03
9780545694704,Captain Underpants #3 HB And the Invasion of the Incredibly Naughty,captain_underpants,2016Q3,3,10,2016-07-05,99.9,99.90,30004778,30,78.4215,75,0,588.122,2016,7,2014-01-03
9781742971414,Billie B Brown #15: The Copycat Kid,cat_kid,2016Q3,3,10,2016-09-01,49.0,49.00,30004786,30,58.08,75,0,435.6,2016,9,2014-01-03
9781447287575,Andy Griffiths: The 52-Storey Treehouse,andy_griffiths,2016Q3,3,10,2016-09-13,89.0,95.00,30004743,40,77.87,70,0,934.44,2016,9,2014-01-03
9781447287599,Andy Griffiths: The 65-Storey Treehouse,andy_griffiths,2016Q3,3,10,2016-09-13,89.0,95.00,30004743,49,77.87,70,0,1144.65,2016,9,2014-01-03
9789810900298,Captain Underpants #11: and the Tyrannic Retaliation of the Turbo Toilet 2000,captain_underpants,2016Q4,4,11,2016-11-08,69.9,69.90,30004907,12,54.8715,65,0,230.476,2016,11,2014-01-03
9780545499088,The Adventures of Captain Underpants: Color Edition,captain_underpants,2016Q4,4,11,2016-11-08,99.9,99.90,30004907,24,78.4215,65,0,658.772,2016,11,2014-01-03
9780545504928,Captain Underpants and the Sensational Saga of Sir Stinks-A-Lot,captain_underpants,2016Q4,4,11,2016-11-08,99.9,99.90,30004907,20,78.4215,65,0,548.9505,2016,11,2014-01-03
9780545871877,Captain Underpants and the Perilous Plot of Professor Poopypants,captain_underpants,2016Q4,4,11,2016-11-08,99.9,99.90,30004907,12,78.4215,65,0,329.386,2016,11,2014-01-03
9789810731540,Captain Underpants #9: and the TerrifyingReturn of Tippy Tinkletrousers,captain_underpants,2016Q4,4,11,2016-11-08,69.9,69.90,30004907,12,54.8715,65,0,230.476,2016,11,2014-01-03
9789810745776,Captain Underpants #10: And The Revolt- ing Revenge,captain_underpants,2016Q4,4,11,2016-11-08,69.9,69.90,30004907,24,54.8715,65,0,460.952,2016,11,2014-01-03
9780545581608,Dog Man HB (OP),dog_man,2016Q4,4,11,2016-12-01,99.9,99.90,30004900,20,78.4215,65,0,548.9505,2016,12,2014-01-03
9780545870115,Captain Underpants: Color Collection (Book 1-3),captain_underpants,2016Q4,4,11,2016-12-01,389.0,299.00,30004900,12,235.2645,65,0,988.0795,2016,12,2014-01-03
9780545694704,Captain Underpants #3 HB And the Invasion of the Incredibly Naughty,captain_underpants,2016Q4,4,11,2016-12-01,99.9,99.90,30004900,12,78.4215,65,0,329.386,2016,12,2014-01-03
9780545175340,Captain Underpants and the Terrifying Return of Tippy Tinkletrousers,captain_underpants,2017Q1,1,12,2017-02-28,99.9,99.90,30005133,20,78.4215,65,0,548.9505,2017,2,2014-01-03
9780545504904,Captain Underpants And The Tyrannical Retaliation Of The Turbo Toilet 2000,captain_underpants,2017Q1,1,12,2017-02-28,99.9,99.90,30005133,20,78.4215,65,0,548.9505,2017,2,2014-01-03
9780545599320,Captain Underpants #2 HB And The Attack Of The Talking Toilets: Color Edition,captain_underpants,2017Q1,1,12,2017-02-28,99.9,99.90,30005133,20,78.4215,65,0,548.9505,2017,2,2014-01-03
9780545581608,Dog Man HB (OP),dog_man,2017Q1,1,12,2017-02-28,99.9,99.90,30005135,20,78.4215,65,0,548.9505,2017,2,2014-01-03
9780545694704,Captain Underpants #3 HB And the Invasion of the Incredibly Naughty,captain_underpants,2017Q1,1,12,2017-02-28,99.9,99.90,30005133,20,78.4215,65,0,548.9505,2017,2,2014-01-03
9780545175364,Captain Underpants and the Revolting Revenge of the Radioactive Robo-Boxers,captain_underpants,2017Q1,1,12,2017-02-28,99.9,99.90,30005133,20,78.4215,65,0,548.9505,2017,2,2014-01-03
9780545871877,Captain Underpants and the Perilous Plot of Professor Poopypants,captain_underpants,2017Q1,1,12,2017-03-10,99.9,99.90,30005137,20,78.4215,65,0,548.9505,2017,3,2014-01-03
9780545504928,Captain Underpants and the Sensational Saga of Sir Stinks-A-Lot,captain_underpants,2017Q1,1,12,2017-03-10,99.9,99.90,30005137,20,78.4215,65,0,548.9505,2017,3,2014-01-03
9781447281580,Andy Griffiths: The 39-Storey Treehouse,andy_griffiths,2017Q1,1,12,2017-03-24,89.0,95.00,30005159,56,21.62,0,0,1210.72,2017,3,2014-01-03
9781447279785,Andy Griffiths: The 13-Storey Treehouse (Export Edt),andy_griffiths,2017Q1,1,12,2017-03-24,89.0,95.00,30005159,80,21.62,0,0,1729.6,2017,3,2014-01-03
9781509833757,Andy Griffiths: The 78-Storey Treehouse (Export Edt),andy_griffiths,2017Q1,1,12,2017-03-24,89.0,95.00,30005159,224,21.62,0,0,4842.88,2017,3,2014-01-03
9781447287575,Andy Griffiths: The 52-Storey Treehouse,andy_griffiths,2017Q1,1,12,2017-03-24,89.0,95.00,30005159,62,21.62,0,0,1340.44,2017,3,2014-01-03
9781447287599,Andy Griffiths: The 65-Storey Treehouse,andy_griffiths,2017Q1,1,12,2017-03-24,89.0,95.00,30005159,56,21.62,0,0,1210.72,2017,3,2014-01-03
9781447279808,Andy Griffiths: The 26-Storey Treehouse,andy_griffiths,2017Q1,1,12,2017-03-24,89.0,95.00,30005159,56,21.62,0,0,1210.72,2017,3,2014-01-03
9789810745776,Captain Underpants #10: And The Revolt- ing Revenge,captain_underpants,2017Q2,2,13,2017-06-06,69.9,69.90,30005254,38,54.8715,75,0,521.24,2017,6,2014-01-03
9780545504928,Captain Underpants and the Sensational Saga of Sir Stinks-A-Lot,captain_underpants,2017Q2,2,13,2017-06-06,99.9,99.90,30005252,20,78.4215,75,0,392.1075,2017,6,2014-01-03
9789810731540,Captain Underpants #9: and the TerrifyingReturn of Tippy Tinkletrousers,captain_underpants,2017Q2,2,13,2017-06-06,69.9,69.90,30005252,2,54.8715,75,0,27.3965,2017,6,2014-01-03
9789810731540,Captain Underpants #9: and the TerrifyingReturn of Tippy Tinkletrousers,captain_underpants,2017Q2,2,13,2017-06-06,69.9,69.90,30005254,34,54.8715,75,0,466.3685,2017,6,2014-01-03
9780545871877,Captain Underpants and the Perilous Plot of Professor Poopypants,captain_underpants,2017Q2,2,13,2017-06-06,99.9,99.90,30005252,20,78.4215,75,0,392.1075,2017,6,2014-01-03
9780545935203,Dog Man #02 HB: Unleashed (OP),dog_man,2017Q2,2,13,2017-06-06,99.9,99.90,30005253,15,78.4215,75,0,294.061,2017,6,2014-01-03
9781338196559,Captain Underpants Movie: Wacky Word Wedgies and Flushable Fill-ins,captain_underpants,2017Q2,2,13,2017-06-22,49.9,49.90,30005309,100,39.1715,75,0,979.2875,2017,6,2014-01-03
9780545175364,Captain Underpants and the Revolting Revenge of the Radioactive Robo-Boxers,captain_underpants,2017Q2,2,13,2017-06-22,99.9,99.90,30005309,30,78.4215,75,0,588.122,2017,6,2014-01-03
9780545870115,Captain Underpants: Color Collection (Book 1-3),captain_underpants,2017Q2,2,13,2017-06-22,389.0,299.00,30005309,19,235.2645,75,0,1117.526,2017,6,2014-01-03
9780545175340,Captain Underpants and the Terrifying Return of Tippy Tinkletrousers,captain_underpants,2017Q2,2,13,2017-06-22,99.9,99.90,30005309,30,78.4215,75,0,588.122,2017,6,2014-01-03
9781338196566,Captain Underpants Movie: Official Handbook,captain_underpants,2017Q2,2,13,2017-06-22,59.9,59.90,30005309,100,47.0215,75,0,1175.5375,2017,6,2014-01-03
9780545665445,Captain Underpants: The Adventures of Super Diaper Baby,captain_underpants,2017Q3,3,14,2017-07-19,99.9,99.90,30005334,10,78.4215,75,0,196.0145,2017,7,2014-01-03
9780545581608,Dog Man HB (OP),dog_man,2017Q3,3,14,2017-07-19,99.9,99.90,30005332,500,78.4215,75,0,9802.6875,2017,7,2014-01-03
9780545504904,Captain Underpants And The Tyrannical Retaliation Of The Turbo Toilet 2000,captain_underpants,2017Q3,3,14,2017-07-19,99.9,99.90,30005334,30,78.4215,75,0,588.122,2017,7,2014-01-03
9780545935203,Dog Man #02 HB: Unleashed (OP),dog_man,2017Q3,3,14,2017-07-19,99.9,99.90,30005333,500,78.4215,75,0,9802.6875,2017,7,2014-01-03
9781509839162,Andy Griffiths: The 91-Storey Treehouse (Export Edt),andy_griffiths,2017Q3,3,14,2017-08-16,89.0,95.00,30005314,838,23.0,0,0,19274.0,2017,8,2014-01-03
9781509839162,Andy Griffiths: The 91-Storey Treehouse (Export Edt),andy_griffiths,2017Q3,3,14,2017-09-22,89.0,95.00,30005462,224,68.885,65,0,5400.63,2017,9,2014-01-03
9781509833757,Andy Griffiths: The 78-Storey Treehouse (Export Edt),andy_griffiths,2017Q3,3,14,2017-09-22,89.0,95.00,30005462,112,68.885,65,0,2700.315,2017,9,2014-01-03
9780545935210,Dog Man #03 HB: A Tale of Two Kitties (OP),dog_man,2017Q3,3,14,2017-09-28,99.9,99.90,30005476,500,78.4215,70,0,11763.225,2017,9,2014-01-03
9789810745776,Captain Underpants #10: And The Revolt- ing Revenge,captain_underpants,2018Q1,1,16,2018-01-22,69.9,69.90,30005706,10,54.8715,65,0,192.011,2018,1,2014-01-03
9789810731540,Captain Underpants #9: and the TerrifyingReturn of Tippy Tinkletrousers,captain_underpants,2018Q1,1,16,2018-01-22,69.9,69.90,30005706,10,54.8715,65,0,192.011,2018,1,2014-01-03
9789810900298,Captain Underpants #11: and the Tyrannic Retaliation of the Turbo Toilet 2000,captain_underpants,2018Q1,1,16,2018-01-22,69.9,69.90,30005706,19,54.8715,65,0,364.868,2018,1,2014-01-03
9780545935203,Dog Man #02 HB: Unleashed (OP),dog_man,2018Q1,1,16,2018-03-01,99.9,99.90,30005752,240,78.4215,65,0,6587.406,2018,3,2014-01-03
9780545935210,Dog Man #03 HB: A Tale of Two Kitties (OP),dog_man,2018Q1,1,16,2018-03-01,99.9,99.90,30005752,160,78.4215,65,0,4391.604,2018,3,2014-01-03
9780545581608,Dog Man HB (OP),dog_man,2018Q1,1,16,2018-03-01,99.9,99.90,30005752,240,78.4215,65,0,6587.406,2018,3,2014-01-03
9780545935180,Dog Man #04 HB: Dog Man And Cat Kid (OP),dog_man,2018Q1,1,16,2018-03-01,99.9,99.90,30005752,320,78.4215,65,0,8783.208,2018,3,2014-01-03
9789810900298,Captain Underpants #11: and the Tyrannic Retaliation of the Turbo Toilet 2000,captain_underpants,2018Q2,2,17,2018-04-01,69.9,69.90,30005856,1,54.8715,65,0,19.2325,2018,4,2014-01-03
9789811157479,Dog Man (PB),dog_man,2018Q3,3,18,2018-07-04,79.9,69.90,30006077,240,54.8715,75,0,3292.29,2018,7,2014-01-03
9789814820042,Dog Man (PB) #04: Dog Man And Cat Kid,dog_man,2018Q3,3,18,2018-07-04,79.9,69.90,30006077,240,54.8715,75,0,3292.29,2018,7,2014-01-03
9789811157486,Dog Man (PB) #02: Unleashed,dog_man,2018Q3,3,18,2018-07-04,79.9,69.90,30006077,240,54.8715,75,0,3292.29,2018,7,2014-01-03
9789811157493,Dog Man (PB) #03: A Tale of Two Kitties,dog_man,2018Q3,3,18,2018-07-04,79.9,69.90,30006077,240,54.8715,75,0,3292.29,2018,7,2014-01-03
9780545935203,Dog Man #02 HB: Unleashed (OP),dog_man,2018Q3,3,18,2018-07-12,99.9,99.90,30006127,120,78.4215,75,0,2352.645,2018,7,2014-01-03
9780545935210,Dog Man #03 HB: A Tale of Two Kitties (OP),dog_man,2018Q3,3,18,2018-07-12,99.9,99.90,30006127,119,78.4215,75,0,2333.02,2018,7,2014-01-03
9780545935180,Dog Man #04 HB: Dog Man And Cat Kid (OP),dog_man,2018Q3,3,18,2018-07-12,99.9,99.90,30006127,120,78.4215,75,0,2352.645,2018,7,2014-01-03
9780545870115,Captain Underpants: Color Collection (Book 1-3),captain_underpants,2018Q3,3,18,2018-07-12,389.0,299.00,30006127,14,235.2645,75,0,823.3865,2018,7,2014-01-03
9780545581608,Dog Man HB (OP),dog_man,2018Q3,3,18,2018-07-12,99.9,99.90,30006127,120,78.4215,75,0,2352.645,2018,7,2014-01-03
9780545385794,Captain Underpants: The Adventures of Super Diaper Baby,captain_underpants,2018Q3,3,18,2018-07-12,59.9,49.90,30006127,30,47.0215,75,0,352.622,2018,7,2014-01-03
9781509833757,Andy Griffiths: The 78-Storey Treehouse (Export Edt),andy_griffiths,2018Q3,3,18,2018-07-23,89.0,95.00,30006012,20,68.885,70,0,413.31,2018,7,2014-01-03
9781447279785,Andy Griffiths: The 13-Storey Treehouse (Export Edt),andy_griffiths,2018Q3,3,18,2018-07-23,89.0,95.00,30006012,30,57.385,70,0,516.465,2018,7,2014-01-03
9781447281580,Andy Griffiths: The 39-Storey Treehouse,andy_griffiths,2018Q3,3,18,2018-07-23,89.0,95.00,30006012,20,57.385,70,0,344.31,2018,7,2014-01-03
9781509839162,Andy Griffiths: The 91-Storey Treehouse (Export Edt),andy_griffiths,2018Q3,3,18,2018-07-23,89.0,95.00,30006012,100,23.0,0,0,2300.0,2018,7,2014-01-03
9781447287575,Andy Griffiths: The 52-Storey Treehouse,andy_griffiths,2018Q3,3,18,2018-07-23,89.0,95.00,30006012,29,57.385,70,0,499.215,2018,7,2014-01-03
9781447279808,Andy Griffiths: The 26-Storey Treehouse,andy_griffiths,2018Q3,3,18,2018-07-23,89.0,95.00,30006012,30,57.385,70,0,516.465,2018,7,2014-01-03
9781447287599,Andy Griffiths: The 65-Storey Treehouse,andy_griffiths,2018Q3,3,18,2018-07-23,89.0,95.00,30006012,20,68.885,70,0,413.31,2018,7,2014-01-03
9781509833771,Andy Griffiths: The 104-Storey Treehouse,andy_griffiths,2018Q3,3,18,2018-08-01,89.0,89.00,30005913,600,22.425,0,0,13455.0,2018,8,2014-01-03
9780545935173,Dog Man #05 HB: Lord of the Fleas (OP),dog_man,2018Q3,3,18,2018-08-17,99.9,99.90,30005918,2000,78.4215,65,0,54895.05,2018,8,2014-01-03
9780545935173,Dog Man #05 HB: Lord of the Fleas (OP),dog_man,2018Q3,3,18,2018-09-17,99.9,99.90,30006086,400,78.4215,65,0,10979.01,2018,9,2014-01-03
9781509839162,Andy Griffiths: The 91-Storey Treehouse (Export Edt),andy_griffiths,2018Q3,3,18,2018-09-21,89.0,95.00,30006279,112,22.425,0,0,2511.6,2018,9,2014-01-03
9781509833757,Andy Griffiths: The 78-Storey Treehouse (Export Edt),andy_griffiths,2018Q3,3,18,2018-09-21,89.0,95.00,30006279,112,22.425,0,0,2511.6,2018,9,2014-01-03
9781447287575,Andy Griffiths: The 52-Storey Treehouse,andy_griffiths,2018Q3,3,18,2018-09-21,89.0,95.00,30006279,128,22.425,0,0,2870.4,2018,9,2014-01-03
9781447279808,Andy Griffiths: The 26-Storey Treehouse,andy_griffiths,2018Q3,3,18,2018-09-21,89.0,95.00,30006279,112,22.425,0,0,2511.6,2018,9,2014-01-03
9781509833771,Andy Griffiths: The 104-Storey Treehouse,andy_griffiths,2018Q3,3,18,2018-09-21,89.0,89.00,30006157,396,22.425,0,0,8880.3,2018,9,2014-01-03
9781447287599,Andy Griffiths: The 65-Storey Treehouse,andy_griffiths,2018Q3,3,18,2018-09-21,89.0,95.00,30006279,112,22.425,0,0,2511.6,2018,9,2014-01-03
9781509833771,Andy Griffiths: The 104-Storey Treehouse,andy_griffiths,2018Q3,3,18,2018-09-21,89.0,89.00,30006279,112,22.425,0,0,2511.6,2018,9,2014-01-03
9781447279785,Andy Griffiths: The 13-Storey Treehouse (Export Edt),andy_griffiths,2018Q3,3,18,2018-09-21,89.0,95.00,30006279,80,20.125,0,0,1610.0,2018,9,2014-01-03
9781447281580,Andy Griffiths: The 39-Storey Treehouse,andy_griffiths,2018Q3,3,18,2018-09-21,89.0,95.00,30006279,112,22.425,0,0,2511.6,2018,9,2014-01-03
9781509833771,Andy Griffiths: The 104-Storey Treehouse,andy_griffiths,2018Q3,3,18,2018-09-27,89.0,89.00,30006124,2,22.425,0,0,44.85,2018,9,2014-01-03
9789811157493,Dog Man (PB) #03: A Tale of Two Kitties,dog_man,2018Q4,4,19,2018-10-26,79.9,69.90,30006128,42,54.8715,65,0,806.5875,2018,10,2014-01-03
9789811157486,Dog Man (PB) #02: Unleashed,dog_man,2018Q4,4,19,2018-10-26,79.9,69.90,30006128,93,54.8715,65,0,1786.032,2018,10,2014-01-03
9789814820042,Dog Man (PB) #04: Dog Man And Cat Kid,dog_man,2018Q4,4,19,2018-10-26,79.9,69.90,30006128,150,54.8715,65,0,2880.7145,2018,10,2014-01-03
9789811157479,Dog Man (PB),dog_man,2018Q4,4,19,2018-10-26,79.9,69.90,30006128,180,54.8715,65,0,3456.9045,2018,10,2014-01-03
9780545935173,Dog Man #05 HB: Lord of the Fleas (OP),dog_man,2018Q4,4,19,2018-12-07,99.9,99.90,30006295,400,78.4215,65,0,10979.01,2018,12,2014-01-03
9781338236576,Dog Man #06 HB: Brawl Of the Wild (OP),dog_man,2018Q4,4,19,2018-12-12,99.9,79.00,30006357,1998,78.4215,65,0,54840.1785,2018,12,2014-01-03
9789811157486,Dog Man (PB) #02: Unleashed,dog_man,2018Q4,4,19,2018-12-14,79.9,69.90,30006164,77,54.8715,65,0,1478.783,2018,12,2014-01-03
9781509833771,Andy Griffiths: The 104-Storey Treehouse,andy_griffiths,2018Q4,4,19,2018-12-14,89.0,89.00,30006212,280,68.885,65,0,6750.73,2018,12,2014-01-03
9789811157479,Dog Man (PB),dog_man,2018Q4,4,19,2018-12-14,79.9,69.90,30006164,10,54.8715,65,0,192.011,2018,12,2014-01-03
9781447287599,Andy Griffiths: The 65-Storey Treehouse,andy_griffiths,2018Q4,4,19,2018-12-14,89.0,95.00,30006212,30,68.885,65,0,723.235,2018,12,2014-01-03
9789811157493,Dog Man (PB) #03: A Tale of Two Kitties,dog_man,2018Q4,4,19,2018-12-14,79.9,69.90,30006164,68,54.8715,65,0,1305.926,2018,12,2014-01-03
9781447279808,Andy Griffiths: The 26-Storey Treehouse,andy_griffiths,2018Q4,4,19,2018-12-14,89.0,95.00,30006212,30,68.885,65,0,723.235,2018,12,2014-01-03
9781447287575,Andy Griffiths: The 52-Storey Treehouse,andy_griffiths,2018Q4,4,19,2018-12-14,89.0,95.00,30006212,30,68.885,65,0,723.235,2018,12,2014-01-03
9781509833757,Andy Griffiths: The 78-Storey Treehouse (Export Edt),andy_griffiths,2018Q4,4,19,2018-12-14,89.0,95.00,30006212,30,68.885,65,0,723.235,2018,12,2014-01-03
9781509839162,Andy Griffiths: The 91-Storey Treehouse (Export Edt),andy_griffiths,2018Q4,4,19,2018-12-14,89.0,95.00,30006212,56,68.885,65,0,1350.1,2018,12,2014-01-03
9781447279785,Andy Griffiths: The 13-Storey Treehouse (Export Edt),andy_griffiths,2018Q4,4,19,2018-12-14,89.0,95.00,30006212,50,57.385,65,0,1004.18,2018,12,2014-01-03
9781447281580,Andy Griffiths: The 39-Storey Treehouse,andy_griffiths,2018Q4,4,19,2018-12-14,89.0,95.00,30006212,30,68.885,65,0,723.235,2018,12,2014-01-03
9789810745776,Captain Underpants #10: And The Revolt- ing Revenge,captain_underpants,2019Q1,1,20,2019-01-14,69.9,69.90,30006197,60,54.8715,65,0,1152.3015,2019,1,2014-01-03
9789811157486,Dog Man (PB) #02: Unleashed,dog_man,2019Q1,1,20,2019-01-14,79.9,69.90,30006197,60,54.8715,65,0,1152.3015,2019,1,2014-01-03
9789811157486,Dog Man (PB) #02: Unleashed,dog_man,2019Q1,1,20,2019-01-14,79.9,69.90,30006202,240,54.8715,65,0,4609.206,2019,1,2014-01-03
9789811157493,Dog Man (PB) #03: A Tale of Two Kitties,dog_man,2019Q1,1,20,2019-01-14,79.9,69.90,30006197,60,54.8715,65,0,1152.3015,2019,1,2014-01-03
9789811157493,Dog Man (PB) #03: A Tale of Two Kitties,dog_man,2019Q1,1,20,2019-01-14,79.9,69.90,30006202,240,54.8715,65,0,4609.206,2019,1,2014-01-03
9789811157479,Dog Man (PB),dog_man,2019Q1,1,20,2019-01-14,79.9,69.90,30006202,240,54.8715,65,0,4609.206,2019,1,2014-01-03
9789811107030,"Captain Underpants #6: and the Big, Bad Battle of the Bionic Booger Boy Part 1",captain_underpants,2019Q1,1,20,2019-01-14,59.9,69.90,30006197,42,47.0215,65,0,691.1925,2019,1,2014-01-03
9789810731540,Captain Underpants #9: and the TerrifyingReturn of Tippy Tinkletrousers,captain_underpants,2019Q1,1,20,2019-01-14,69.9,69.90,30006197,60,54.8715,65,0,1152.3015,2019,1,2014-01-03
9789811107054,Captain Underpants #8: The Preposterous Plight of The Purple Potty People,captain_underpants,2019Q1,1,20,2019-01-14,59.9,69.90,30006197,60,47.0215,65,0,987.4515,2019,1,2014-01-03
9789814820042,Dog Man (PB) #04: Dog Man And Cat Kid,dog_man,2019Q1,1,20,2019-01-14,79.9,69.90,30006202,240,54.8715,65,0,4609.206,2019,1,2014-01-03
9789811107016,Captain Underpants #4: and the Perilous Plot of Professor Poopypants,captain_underpants,2019Q1,1,20,2019-01-14,59.9,69.90,30006197,60,47.0215,65,0,987.4515,2019,1,2014-01-03
9789811107047,"Captain Underpants #7: and the Big, Bad Battle of the Bionic Booger Boy Part 2",captain_underpants,2019Q1,1,20,2019-01-14,69.9,69.90,30006197,58,47.0215,65,0,954.56,2019,1,2014-01-03
9789810900298,Captain Underpants #11: and the Tyrannic Retaliation of the Turbo Toilet 2000,captain_underpants,2019Q1,1,20,2019-01-14,69.9,69.90,30006197,60,54.8715,65,0,1152.3015,2019,1,2014-01-03
9789811191008,Dog Man (PB) #05: Lord of the Fleas,dog_man,2019Q1,1,20,2019-01-17,79.9,69.90,30006358,400,54.8715,55,0,9876.87,2019,1,2014-01-03
9781338236576,Dog Man #06 HB: Brawl Of the Wild (OP),dog_man,2019Q1,1,20,2019-01-22,99.9,79.00,30006158,600,78.4215,65,0,16468.515,2019,1,2014-01-03
9781509833771,Andy Griffiths: The 104-Storey Treehouse,andy_griffiths,2019Q1,1,20,2019-02-11,89.0,89.00,30006280,336,23.0,0,0,7728.0,2019,2,2014-01-03
9781447287599,Andy Griffiths: The 65-Storey Treehouse,andy_griffiths,2019Q1,1,20,2019-02-19,89.0,95.00,30006451,112,13.8,0,0,1545.6,2019,2,2014-01-03
9781447279808,Andy Griffiths: The 26-Storey Treehouse,andy_griffiths,2019Q1,1,20,2019-02-19,89.0,95.00,30006451,112,13.8,0,0,1545.6,2019,2,2014-01-03
9781447281580,Andy Griffiths: The 39-Storey Treehouse,andy_griffiths,2019Q1,1,20,2019-02-19,89.0,95.00,30006451,112,13.8,0,0,1545.6,2019,2,2014-01-03
9781447279785,Andy Griffiths: The 13-Storey Treehouse (Export Edt),andy_griffiths,2019Q1,1,20,2019-02-19,89.0,95.00,30006451,112,13.8,0,0,1545.6,2019,2,2014-01-03
9780545870115,Captain Underpants: Color Collection (Book 1-3),captain_underpants,2019Q1,1,20,2019-03-08,389.0,299.00,30006345,40,235.2645,65,0,3293.703,2019,3,2014-01-03
9781338271508,"Captain Underpants & the Big,Bad Battle of the Bionic Booger Boy,Part 2 (Color)",captain_underpants,2019Q2,2,21,2019-04-01,99.9,99.90,30006923,40,78.4215,65,0,1097.901,2019,4,2014-01-03
9781407163284,Captain Underpants (10 Book Set),captain_underpants,2019Q2,2,21,2019-05-08,399.0,399,30006500,96,115.0,0,0,11040.0,2019,5,2014-01-03
9789810900298,Captain Underpants #11: and the Tyrannic Retaliation of the Turbo Toilet 2000,captain_underpants,2019Q2,2,21,2019-05-30,69.9,69.90,30006723,50,54.8715,75,0,685.8545,2019,5,2014-01-03
9789810731540,Captain Underpants #9: and the TerrifyingReturn of Tippy Tinkletrousers,captain_underpants,2019Q2,2,21,2019-05-30,69.9,69.90,30006723,50,54.8715,75,0,685.8545,2019,5,2014-01-03
9789811107023,Captain Underpants and the Wrath of the Wicked Wedgie Woman,captain_underpants,2019Q2,2,21,2019-05-30,59.9,69.90,30006723,50,47.0215,75,0,587.7295,2019,5,2014-01-03
9789814857987,Dog Man (PB) #06: Brawl of the Wild,dog_man,2019Q2,2,21,2019-05-30,79.9,79.90,30006724,300,62.7215,75,0,4704.1125,2019,5,2014-01-03
9789811107016,Captain Underpants #4: and the Perilous Plot of Professor Poopypants,captain_underpants,2019Q2,2,21,2019-05-30,59.9,69.90,30006723,50,47.0215,75,0,587.7295,2019,5,2014-01-03
9789810745776,Captain Underpants #10: And The Revolt- ing Revenge,captain_underpants,2019Q2,2,21,2019-05-30,69.9,69.90,30006723,50,54.8715,75,0,685.8545,2019,5,2014-01-03
9789811107009,Captain Underpants and the Invasion of the Incredibly Naughty Cafeteria Ladies,captain_underpants,2019Q2,2,21,2019-05-30,59.9,69.90,30006723,50,47.0215,75,0,587.7295,2019,5,2014-01-03
9789811107054,Captain Underpants #8: The Preposterous Plight of The Purple Potty People,captain_underpants,2019Q2,2,21,2019-05-30,59.9,69.90,30006723,50,47.0215,75,0,587.7295,2019,5,2014-01-03
9789811107030,"Captain Underpants #6: and the Big, Bad Battle of the Bionic Booger Boy Part 1",captain_underpants,2019Q2,2,21,2019-05-30,59.9,69.90,30006723,50,47.0215,75,0,587.7295,2019,5,2014-01-03
9789811106989,Captain Underpants #1: Adventures of Captain Underpants,captain_underpants,2019Q2,2,21,2019-05-30,59.9,69.90,30006723,50,47.0215,75,0,587.7295,2019,5,2014-01-03
9781338315660,Captain Underpants: 3D Guide to Creating Heroes and Villains,captain_underpants,2019Q3,3,22,2019-07-04,109.9,109.90,30006752,96,86.2715,75,0,2070.516,2019,7,2014-01-03
9781338236576,Dog Man #06 HB: Brawl Of the Wild (OP),dog_man,2019Q3,3,22,2019-07-04,99.9,79.00,30006752,100,78.4215,75,0,1960.5375,2019,7,2014-01-03
9781338271508,"Captain Underpants & the Big,Bad Battle of the Bionic Booger Boy,Part 2 (Color)",captain_underpants,2019Q3,3,22,2019-07-04,99.9,99.90,30006752,100,78.4215,75,0,1960.5375,2019,7,2014-01-03
9781338271492,"Captain Underpants & the Big,Bad Battle of the Bionic Booger Boy,Part 1 (Color)",captain_underpants,2019Q3,3,22,2019-07-04,99.9,99.90,30006752,100,78.4215,75,0,1960.5375,2019,7,2014-01-03
9780545870115,Captain Underpants: Color Collection (Book 1-3),captain_underpants,2019Q3,3,22,2019-07-04,389.0,299.00,30006752,42,235.2645,75,0,2470.238,2019,7,2014-01-03
9789811179884,Dog Man PB Box Set (Book 1-4),dog_man,2019Q3,3,22,2019-07-17,279.0,279.00,30006640,300,219.7215,75,0,16479.1125,2019,7,2014-01-03
9789811191008,Dog Man (PB) #05: Lord of the Fleas,dog_man,2019Q3,3,22,2019-07-17,79.9,69.90,30006640,200,62.7215,75,0,3136.075,2019,7,2014-01-03
9789811157493,Dog Man (PB) #03: A Tale of Two Kitties,dog_man,2019Q3,3,22,2019-07-17,79.9,69.90,30006640,100,62.7215,75,0,1568.0375,2019,7,2014-01-03
9789811157486,Dog Man (PB) #02: Unleashed,dog_man,2019Q3,3,22,2019-07-17,79.9,69.90,30006640,100,62.7215,75,0,1568.0375,2019,7,2014-01-03
9789811157479,Dog Man (PB),dog_man,2019Q3,3,22,2019-07-17,79.9,69.90,30006640,100,62.7215,75,0,1568.0375,2019,7,2014-01-03
9789814820042,Dog Man (PB) #04: Dog Man And Cat Kid,dog_man,2019Q3,3,22,2019-07-17,79.9,69.90,30006640,100,62.7215,75,0,1568.0375,2019,7,2014-01-03
9781338236590,Dog Man #07 HB: For Whom The Ball Rolls,dog_man,2019Q3,3,22,2019-07-29,129.9,$129.90,30006631,2496,101.9715,65,0,89082.271,2019,7,2014-01-03
9781509885275,Andy Griffiths: The 117-Storey Treehouse,andy_griffiths,2019Q3,3,22,2019-08-06,89.0,79.00,30006683,952,23.0,0,0,21896.0,2019,8,2014-01-03
9781338323214,Dog Man #8 HB: Fetch-22,dog_man,2019Q4,4,23,2019-11-15,129.9,129.90,30006754,1872,101.9715,65,0,66811.7425,2019,11,2014-01-03
9789814857970,Captain Underpants #1 Color Edition: The Adventures of Captain Underpants,captain_underpants,2019Q4,4,23,2019-11-18,89.9,79.90,30006766,30,62.7215,65,0,658.5365,2019,11,2014-01-03
9789814864046,Captain Underpants #6 Colour Edition PB: Big Bad Battle of the Bionic Booger PT1,captain_underpants,2019Q4,4,23,2019-11-18,89.9,79.90,30006766,30,62.7215,65,0,658.5365,2019,11,2014-01-03
9789814855808,Captain Underpants #4 Colour Edition PB: Perilous Plot of Prof Poopypants,captain_underpants,2019Q4,4,23,2019-11-18,89.9,79.90,30006766,30,62.7215,65,0,658.5365,2019,11,2014-01-03
9789811179884,Dog Man PB Box Set (Book 1-4),dog_man,2019Q4,4,23,2019-11-18,279.0,279.00,30006766,28,219.7215,65,0,2153.255,2019,11,2014-01-03
9789811179884,Dog Man PB Box Set (Book 1-4),dog_man,2019Q4,4,23,2019-11-18,279.0,279.00,30006764,2,219.7215,65,0,153.7815,2019,11,2014-01-03
9789814864008,Captain Underpants #2 Color Edition: Attack of the Talking Toilets,captain_underpants,2019Q4,4,23,2019-11-18,89.9,79.90,30006766,30,62.7215,65,0,658.5365,2019,11,2014-01-03
9789814857987,Dog Man (PB) #06: Brawl of the Wild,dog_man,2019Q4,4,23,2019-11-18,79.9,79.90,30006765,80,62.7215,65,0,1756.202,2019,11,2014-01-03
9789811191008,Dog Man (PB) #05: Lord of the Fleas,dog_man,2019Q4,4,23,2019-11-18,79.9,69.90,30006765,60,62.7215,65,0,1317.1515,2019,11,2014-01-03
9789814864015,Captain Underpants #3 Color Edition: Invasion of Incredibly Naughty,captain_underpants,2019Q4,4,23,2019-11-18,89.9,79.90,30006766,30,62.7215,65,0,658.5365,2019,11,2014-01-03
9789814855815,Captain Underpants #5 Colour Edition PB: Wrath of the Wicked Wedgie Woman,captain_underpants,2019Q4,4,23,2019-11-18,89.9,79.90,30006766,30,62.7215,65,0,658.5365,2019,11,2014-01-03
9781509833771,Andy Griffiths: The 104-Storey Treehouse,andy_griffiths,2019Q4,4,23,2019-12-05,89.0,89.00,30006805,112,68.885,70,0,2314.49,2019,12,2014-01-03
9781509839162,Andy Griffiths: The 91-Storey Treehouse (Export Edt),andy_griffiths,2019Q4,4,23,2019-12-05,89.0,95.00,30006805,56,68.885,70,0,1157.245,2019,12,2014-01-03
9781509833757,Andy Griffiths: The 78-Storey Treehouse (Export Edt),andy_griffiths,2019Q4,4,23,2019-12-05,89.0,95.00,30006805,56,68.885,70,0,1157.245,2019,12,2014-01-03
9781447279785,Andy Griffiths: The 13-Storey Treehouse (Export Edt),andy_griffiths,2019Q4,4,23,2019-12-05,89.0,95.00,30006805,40,57.385,70,0,688.62,2019,12,2014-01-03
9781338603323,Captain Underpants Colossal Color Collection HB: Book #1-5,captain_underpants,2019Q4,4,23,2019-12-17,499.5,499.50,30006913,20,392.1075,65,0,2744.7525,2019,12,2014-01-03
9781338603347,Dog Man Super Epic Collection #1-6 HB Set,dog_man,2019Q4,4,23,2019-12-17,599.0,599.00,30006913,25,470.529,65,0,4117.0895,2019,12,2014-01-03
9781338271515,Captain Underpants #8 HB Colour: and the Preposterous Plight of the Purple Potty,captain_underpants,2019Q4,4,23,2019-12-17,99.9,99.90,30006913,31,78.4215,65,0,850.8615,2019,12,2014-01-03
9781338262469,Captain Underpants Epic Comix Collection #1: George And Harolds,captain_underpants,2019Q4,4,23,2019-12-17,99.9,99.90,30006913,29,78.4215,65,0,795.99,2019,12,2014-01-03
9789814820042,Dog Man (PB) #04: Dog Man And Cat Kid,dog_man,2020Q2,2,25,2020-04-01,79.9,69.90,30006945,60,62.7215,65,0,1317.1515,2020,4,2014-01-03
9789814864046,Captain Underpants #6 Colour Edition PB: Big Bad Battle of the Bionic Booger PT1,captain_underpants,2020Q2,2,25,2020-04-01,89.9,79.90,30006945,25,62.7215,65,0,548.7935,2020,4,2014-01-03
9789814820042,Dog Man (PB) #04: Dog Man And Cat Kid,dog_man,2020Q2,2,25,2020-04-01,79.9,69.90,30006947,40,62.7215,65,0,878.101,2020,4,2014-01-03
9789811157486,Dog Man (PB) #02: Unleashed,dog_man,2020Q2,2,25,2020-04-01,79.9,69.90,30006945,60,62.7215,65,0,1317.1515,2020,4,2014-01-03
9789814857970,Captain Underpants #1 Color Edition: The Adventures of Captain Underpants,captain_underpants,2020Q2,2,25,2020-04-01,89.9,79.90,30006945,25,62.7215,65,0,548.7935,2020,4,2014-01-03
9789811157486,Dog Man (PB) #02: Unleashed,dog_man,2020Q2,2,25,2020-04-01,79.9,69.90,30006947,40,62.7215,65,0,878.101,2020,4,2014-01-03
9789811157479,Dog Man (PB),dog_man,2020Q2,2,25,2020-04-01,79.9,69.90,30006945,60,62.7215,65,0,1317.1515,2020,4,2014-01-03
9789811157479,Dog Man (PB),dog_man,2020Q2,2,25,2020-04-01,79.9,69.90,30006947,40,62.7215,65,0,878.101,2020,4,2014-01-03
9789814855808,Captain Underpants #4 Colour Edition PB: Perilous Plot of Prof Poopypants,captain_underpants,2020Q2,2,25,2020-04-01,89.9,79.90,30006945,25,62.7215,65,0,548.7935,2020,4,2014-01-03
9789811157493,Dog Man (PB) #03: A Tale of Two Kitties,dog_man,2020Q2,2,25,2020-04-01,79.9,69.90,30006945,60,62.7215,65,0,1317.1515,2020,4,2014-01-03
9789811157493,Dog Man (PB) #03: A Tale of Two Kitties,dog_man,2020Q2,2,25,2020-04-01,79.9,69.90,30006947,40,62.7215,65,0,878.101,2020,4,2014-01-03
9789814885775,Dog Man (PB) #7: For Whom The Ball Rolls,dog_man,2020Q2,2,25,2020-04-01,79.9,79.90,30006945,60,62.7215,65,0,1317.1515,2020,4,2014-01-03
9789814864015,Captain Underpants #3 Color Edition: Invasion of Incredibly Naughty,captain_underpants,2020Q2,2,25,2020-04-01,89.9,79.90,30006945,25,62.7215,65,0,548.7935,2020,4,2014-01-03
9789811191008,Dog Man (PB) #05: Lord of the Fleas,dog_man,2020Q2,2,25,2020-04-01,79.9,69.90,30006945,60,62.7215,65,0,1317.1515,2020,4,2014-01-03
9789811191008,Dog Man (PB) #05: Lord of the Fleas,dog_man,2020Q2,2,25,2020-04-01,79.9,69.90,30006947,40,62.7215,65,0,878.101,2020,4,2014-01-03
9789814855815,Captain Underpants #5 Colour Edition PB: Wrath of the Wicked Wedgie Woman,captain_underpants,2020Q2,2,25,2020-04-01,89.9,79.90,30006945,25,62.7215,65,0,548.7935,2020,4,2014-01-03
9789814864008,Captain Underpants #2 Color Edition: Attack of the Talking Toilets,captain_underpants,2020Q2,2,25,2020-04-01,89.9,79.90,30006945,25,62.7215,65,0,548.7935,2020,4,2014-01-03
9789811179884,Dog Man PB Box Set (Book 1-4),dog_man,2020Q2,2,25,2020-04-01,279.0,279.00,30006945,30,219.7215,65,0,2307.0365,2020,4,2014-01-03
9789814857987,Dog Man (PB) #06: Brawl of the Wild,dog_man,2020Q2,2,25,2020-04-01,79.9,79.90,30006945,60,62.7215,65,0,1317.1515,2020,4,2014-01-03
9789814857987,Dog Man (PB) #06: Brawl of the Wild,dog_man,2020Q2,2,25,2020-04-01,79.9,79.90,30006947,40,62.7215,65,0,878.101,2020,4,2014-01-03
9781338347210,Captain Underpants #9 HB Colour: & the Terrifying Return of Tippy,captain_underpants,2020Q2,2,25,2020-05-20,129.9,99.90,30006953,20,101.9715,65,0,713.8005,2020,5,2014-01-03
9781338323214,Dog Man #8 HB: Fetch-22,dog_man,2020Q2,2,25,2020-05-20,129.9,129.90,30006953,48,101.9715,65,0,1713.1055,2020,5,2014-01-03
9789814885775,Dog Man (PB) #7: For Whom The Ball Rolls,dog_man,2020Q3,3,26,2020-07-10,79.9,79.90,30007020,48,62.7215,70,0,903.221,2020,7,2014-01-03
9789811157479,Dog Man (PB),dog_man,2020Q3,3,26,2020-07-10,79.9,69.90,30007020,96,62.7215,70,0,1806.3635,2020,7,2014-01-03
9789814864046,Captain Underpants #6 Colour Edition PB: Big Bad Battle of the Bionic Booger PT1,captain_underpants,2020Q3,3,26,2020-07-10,89.9,79.90,30007020,30,62.7215,70,0,564.4935,2020,7,2014-01-03
9789814820042,Dog Man (PB) #04: Dog Man And Cat Kid,dog_man,2020Q3,3,26,2020-07-10,79.9,69.90,30007020,95,62.7215,70,0,1787.5235,2020,7,2014-01-03
9789814864015,Captain Underpants #3 Color Edition: Invasion of Incredibly Naughty,captain_underpants,2020Q3,3,26,2020-07-10,89.9,79.90,30007020,30,62.7215,70,0,564.4935,2020,7,2014-01-03
9789811191008,Dog Man (PB) #05: Lord of the Fleas,dog_man,2020Q3,3,26,2020-07-10,79.9,69.90,30007020,96,62.7215,70,0,1806.3635,2020,7,2014-01-03
9789811157493,Dog Man (PB) #03: A Tale of Two Kitties,dog_man,2020Q3,3,26,2020-07-10,79.9,69.90,30007020,96,62.7215,70,0,1806.3635,2020,7,2014-01-03
9789811157486,Dog Man (PB) #02: Unleashed,dog_man,2020Q3,3,26,2020-07-10,79.9,69.90,30007020,96,62.7215,70,0,1806.3635,2020,7,2014-01-03
9789814857970,Captain Underpants #1 Color Edition: The Adventures of Captain Underpants,captain_underpants,2020Q3,3,26,2020-07-10,89.9,79.90,30007020,30,62.7215,70,0,564.4935,2020,7,2014-01-03
9789814906531,Dog Man (PB) #08: Fetch-22,dog_man,2020Q3,3,26,2020-07-10,89.9,89.90,30007019,144,70.5715,70,0,3048.7045,2020,7,2014-01-03
9789814855808,Captain Underpants #4 Colour Edition PB: Perilous Plot of Prof Poopypants,captain_underpants,2020Q3,3,26,2020-07-10,89.9,79.90,30007020,30,62.7215,70,0,564.4935,2020,7,2014-01-03
9789814855815,Captain Underpants #5 Colour Edition PB: Wrath of the Wicked Wedgie Woman,captain_underpants,2020Q3,3,26,2020-07-10,89.9,79.90,30007020,30,62.7215,70,0,564.4935,2020,7,2014-01-03
9789814864008,Captain Underpants #2 Color Edition: Attack of the Talking Toilets,captain_underpants,2020Q3,3,26,2020-07-10,89.9,79.90,30007020,30,62.7215,70,0,564.4935,2020,7,2014-01-03
9789814857987,Dog Man (PB) #06: Brawl of the Wild,dog_man,2020Q3,3,26,2020-07-10,79.9,79.90,30007020,96,62.7215,70,0,1806.3635,2020,7,2014-01-03
9781338535624,Dog Man #9 HB: Grime and Punishment,dog_man,2020Q3,3,26,2020-07-20,129.9,129.90,30007081,1008,101.9715,65,0,35975.5295,2020,7,2014-01-03
9781338603347,Dog Man Super Epic Collection #1-6 HB Set,dog_man,2020Q3,3,26,2020-07-29,599.0,599.00,30007058,20,470.529,70,0,2823.174,2020,7,2014-01-03
9781338262476,Captain Underpants Epic Comix Collection #2: George and Harolds,captain_underpants,2020Q3,3,26,2020-07-29,99.9,99.90,30007058,25,78.4215,70,0,588.122,2020,7,2014-01-03
9781338262469,Captain Underpants Epic Comix Collection #1: George And Harolds,captain_underpants,2020Q3,3,26,2020-07-29,99.9,99.90,30007058,25,78.4215,70,0,588.122,2020,7,2014-01-03
9781529045949,Andy Griffiths: The 130 Storey Treehouse (Signed Copy),andy_griffiths,2020Q4,4,27,2020-10-19,109.0,199.00,30007080,200,46.0,0,0,9200.0,2020,10,2014-01-03
9781529017922,Andy Griffiths: The 130 Storey Treehouse,andy_griffiths,2020Q4,4,27,2020-10-19,89.0,89.00,30007082,560,25.3,0,0,14168.0,2020,10,2014-01-03
9781338535624,Dog Man #9 HB: Grime and Punishment,dog_man,2020Q4,4,27,2020-10-22,129.9,129.90,30007250,240,101.9715,65,0,8565.606,2020,10,2014-01-03
9781447287575,Andy Griffiths: The 52-Storey Treehouse,andy_griffiths,2020Q4,4,27,2020-11-11,89.0,95.00,30007141,25,68.885,65,0,602.715,2020,11,2014-01-03
9781447279785,Andy Griffiths: The 13-Storey Treehouse (Export Edt),andy_griffiths,2020Q4,4,27,2020-11-11,89.0,95.00,30007141,25,68.885,65,0,602.715,2020,11,2014-01-03
9789814855808,Captain Underpants #4 Colour Edition PB: Perilous Plot of Prof Poopypants,captain_underpants,2020Q4,4,27,2020-11-13,89.9,79.90,30007125,20,62.7215,65,0,439.0505,2020,11,2014-01-03
9789814864015,Captain Underpants #3 Color Edition: Invasion of Incredibly Naughty,captain_underpants,2020Q4,4,27,2020-11-13,89.9,79.90,30007125,20,62.7215,65,0,439.0505,2020,11,2014-01-03
9789810731540,Captain Underpants #9: and the TerrifyingReturn of Tippy Tinkletrousers,captain_underpants,2020Q4,4,27,2020-11-13,69.9,69.90,30007125,20,54.8715,65,0,384.1005,2020,11,2014-01-03
9789814855815,Captain Underpants #5 Colour Edition PB: Wrath of the Wicked Wedgie Woman,captain_underpants,2020Q4,4,27,2020-11-13,89.9,79.90,30007125,20,62.7215,65,0,439.0505,2020,11,2014-01-03
9789814857987,Dog Man (PB) #06: Brawl of the Wild,dog_man,2020Q4,4,27,2020-11-13,79.9,79.90,30007125,120,62.7215,65,0,2634.303,2020,11,2014-01-03
9789814864008,Captain Underpants #2 Color Edition: Attack of the Talking Toilets,captain_underpants,2020Q4,4,27,2020-11-13,89.9,79.90,30007125,20,62.7215,65,0,439.0505,2020,11,2014-01-03
9789814919975,Captain Underpants #8 Colour Edtion PB: The Preposterous,captain_underpants,2020Q4,4,27,2020-11-13,89.9,79.90,30007125,25,62.7215,65,0,548.7935,2020,11,2014-01-03
9789811157486,Dog Man (PB) #02: Unleashed,dog_man,2020Q4,4,27,2020-11-13,79.9,69.90,30007125,120,62.7215,65,0,2634.303,2020,11,2014-01-03
9789811157493,Dog Man (PB) #03: A Tale of Two Kitties,dog_man,2020Q4,4,27,2020-11-13,79.9,69.90,30007125,120,62.7215,65,0,2634.303,2020,11,2014-01-03
9789814885775,Dog Man (PB) #7: For Whom The Ball Rolls,dog_man,2020Q4,4,27,2020-11-13,79.9,79.90,30007125,80,62.7215,65,0,1756.202,2020,11,2014-01-03
9789814855792,Captain Underpants: Color Edition Boxed Set (#1-6),captain_underpants,2020Q4,4,27,2020-11-13,529.9,399.90,30007125,20,313.9215,65,0,2197.4505,2020,11,2014-01-03
9789814857970,Captain Underpants #1 Color Edition: The Adventures of Captain Underpants,captain_underpants,2020Q4,4,27,2020-11-13,89.9,79.90,30007125,20,62.7215,65,0,439.0505,2020,11,2014-01-03
9789811157479,Dog Man (PB),dog_man,2020Q4,4,27,2020-11-13,79.9,69.90,30007125,120,62.7215,65,0,2634.303,2020,11,2014-01-03
9789814906531,Dog Man (PB) #08: Fetch-22,dog_man,2020Q4,4,27,2020-11-13,89.9,89.90,30007125,120,70.5715,65,0,2964.003,2020,11,2014-01-03
9789811191008,Dog Man (PB) #05: Lord of the Fleas,dog_man,2020Q4,4,27,2020-11-13,79.9,69.90,30007125,120,62.7215,65,0,2634.303,2020,11,2014-01-03
9789814820042,Dog Man (PB) #04: Dog Man And Cat Kid,dog_man,2020Q4,4,27,2020-11-13,79.9,69.90,30007125,120,62.7215,65,0,2634.303,2020,11,2014-01-03
9781338535624,Dog Man #9 HB: Grime and Punishment,dog_man,2020Q4,4,27,2020-11-24,129.9,129.90,30007154,150,101.9715,65,0,5353.4645,2020,11,2014-01-03
9781338712766,Cat Kid Comic Club #1,cat_kid,2020Q4,4,27,2020-12-07,129.9,129.90,30007127,120,101.9715,65,0,4282.803,2020,12,2014-01-03
9781338630213,Spooky Tales of Captain Underpants: Horrifyingly Haunted HacK-a-Ween,captain_underpants,2020Q4,4,27,2020-12-23,59.9,59.90,30007160,30,47.0215,65,0,493.6865,2020,12,2014-01-03
9781338347234,Captain Underpants #10 Colour Edtion and the Revolting Revenge HB,captain_underpants,2020Q4,4,27,2020-12-23,129.9,129.90,30007160,20,101.9715,65,0,713.8005,2020,12,2014-01-03
9781338262476,Captain Underpants Epic Comix Collection #2: George and Harolds,captain_underpants,2020Q4,4,27,2020-12-23,99.9,99.90,30007160,15,78.4215,65,0,411.7325,2020,12,2014-01-03
9781338535624,Dog Man #9 HB: Grime and Punishment,dog_man,2020Q4,4,27,2020-12-23,129.9,129.90,30007160,48,101.9715,65,0,1713.1055,2020,12,2014-01-03
9781338262469,Captain Underpants Epic Comix Collection #1: George And Harolds,captain_underpants,2020Q4,4,27,2020-12-23,99.9,99.90,30007160,14,78.4215,65,0,384.2575,2020,12,2014-01-03
9781529017922,Andy Griffiths: The 130 Storey Treehouse,andy_griffiths,2021Q1,1,28,2021-01-07,89.0,89.00,30007166,439,25.3,0,0,11106.7,2021,1,2014-01-03
9781338680454,Dog Man #10 HB: Mothering Heights,dog_man,2021Q1,1,28,2021-01-18,129.9,129.90,30007213,1008,101.9715,65,0,35975.5295,2021,1,2014-01-03
9781338712766,Cat Kid Comic Club #1,cat_kid,2021Q1,1,28,2021-02-16,129.9,129.90,30007222,237,101.9715,65,0,8458.532,2021,2,2014-01-03
9789814855808,Captain Underpants #4 Colour Edition PB: Perilous Plot of Prof Poopypants,captain_underpants,2021Q2,2,29,2021-04-09,89.9,79.90,30007258,20,70.5715,65,0,494.0005,2021,4,2014-01-03
9789811107054,Captain Underpants #8: The Preposterous Plight of The Purple Potty People,captain_underpants,2021Q2,2,29,2021-04-09,59.9,69.90,30007258,15,47.0215,65,0,246.8825,2021,4,2014-01-03
9789814906531,Dog Man (PB) #08: Fetch-22,dog_man,2021Q2,2,29,2021-04-09,89.9,89.90,30007258,90,70.5715,65,0,2222.963,2021,4,2014-01-03
9789811107030,"Captain Underpants #6: and the Big, Bad Battle of the Bionic Booger Boy Part 1",captain_underpants,2021Q2,2,29,2021-04-09,59.9,69.90,30007258,15,47.0215,65,0,246.8825,2021,4,2014-01-03
9789814864046,Captain Underpants #6 Colour Edition PB: Big Bad Battle of the Bionic Booger PT1,captain_underpants,2021Q2,2,29,2021-04-09,89.9,79.90,30007258,20,70.5715,65,0,494.0005,2021,4,2014-01-03
9789814820042,Dog Man (PB) #04: Dog Man And Cat Kid,dog_man,2021Q2,2,29,2021-04-09,79.9,69.90,30007258,90,62.7215,65,0,1975.688,2021,4,2014-01-03
9789814857970,Captain Underpants #1 Color Edition: The Adventures of Captain Underpants,captain_underpants,2021Q2,2,29,2021-04-09,89.9,79.90,30007258,20,70.5715,65,0,494.0005,2021,4,2014-01-03
9789811157486,Dog Man (PB) #02: Unleashed,dog_man,2021Q2,2,29,2021-04-09,79.9,69.90,30007258,90,62.7215,65,0,1975.688,2021,4,2014-01-03
9789814919982,Captain Underpants #9 Colour Edition PB: The Terrifying Return of Tippy Tinkletro,captain_underpants,2021Q2,2,29,2021-04-09,99.9,89.90,30007258,20,70.5715,65,0,494.0005,2021,4,2014-01-03
9789814864015,Captain Underpants #3 Color Edition: Invasion of Incredibly Naughty,captain_underpants,2021Q2,2,29,2021-04-09,89.9,79.90,30007258,20,70.5715,65,0,494.0005,2021,4,2014-01-03
9789810731540,Captain Underpants #9: and the TerrifyingReturn of Tippy Tinkletrousers,captain_underpants,2021Q2,2,29,2021-04-09,69.9,69.90,30007258,20,54.8715,65,0,384.1005,2021,4,2014-01-03
9789811191008,Dog Man (PB) #05: Lord of the Fleas,dog_man,2021Q2,2,29,2021-04-09,79.9,69.90,30007258,90,62.7215,65,0,1975.688,2021,4,2014-01-03
9789811157493,Dog Man (PB) #03: A Tale of Two Kitties,dog_man,2021Q2,2,29,2021-04-09,79.9,69.90,30007258,90,62.7215,65,0,1975.688,2021,4,2014-01-03
9789814855815,Captain Underpants #5 Colour Edition PB: Wrath of the Wicked Wedgie Woman,captain_underpants,2021Q2,2,29,2021-04-09,89.9,79.90,30007258,20,70.5715,65,0,494.0005,2021,4,2014-01-03
9789814947640,Dog Man (PB) #09: Grime & Punishment,dog_man,2021Q2,2,29,2021-04-09,89.9,89.90,30007258,90,70.5715,65,0,2222.963,2021,4,2014-01-03
9789814885775,Dog Man (PB) #7: For Whom The Ball Rolls,dog_man,2021Q2,2,29,2021-04-09,79.9,79.90,30007258,90,62.7215,65,0,1975.688,2021,4,2014-01-03
9789814857987,Dog Man (PB) #06: Brawl of the Wild,dog_man,2021Q2,2,29,2021-04-09,79.9,79.90,30007258,90,62.7215,65,0,1975.688,2021,4,2014-01-03
9789814864008,Captain Underpants #2 Color Edition: Attack of the Talking Toilets,captain_underpants,2021Q2,2,29,2021-04-09,89.9,79.90,30007258,20,70.5715,65,0,494.0005,2021,4,2014-01-03
9789811157479,Dog Man (PB),dog_man,2021Q2,2,29,2021-04-09,79.9,69.90,30007258,90,62.7215,65,0,1975.688,2021,4,2014-01-03
9789814855808,Captain Underpants #4 Colour Edition PB: Perilous Plot of Prof Poopypants,captain_underpants,2021Q2,2,29,2021-06-04,89.9,79.90,30007270,30,70.5715,75,0,529.247,2021,6,2014-01-03
9789811107054,Captain Underpants #8: The Preposterous Plight of The Purple Potty People,captain_underpants,2021Q2,2,29,2021-06-04,59.9,69.90,30007270,20,47.0215,75,0,235.1075,2021,6,2014-01-03
9789814906531,Dog Man (PB) #08: Fetch-22,dog_man,2021Q2,2,29,2021-06-04,89.9,89.90,30007270,150,70.5715,75,0,2646.392,2021,6,2014-01-03
9789814820042,Dog Man (PB) #04: Dog Man And Cat Kid,dog_man,2021Q2,2,29,2021-06-04,79.9,69.90,30007270,150,62.7215,75,0,2352.017,2021,6,2014-01-03
9789811107030,"Captain Underpants #6: and the Big, Bad Battle of the Bionic Booger Boy Part 1",captain_underpants,2021Q2,2,29,2021-06-04,59.9,69.90,30007270,30,47.0215,75,0,352.622,2021,6,2014-01-03
9789814864046,Captain Underpants #6 Colour Edition PB: Big Bad Battle of the Bionic Booger PT1,captain_underpants,2021Q2,2,29,2021-06-04,89.9,79.90,30007270,30,70.5715,75,0,529.247,2021,6,2014-01-03
9789811157486,Dog Man (PB) #02: Unleashed,dog_man,2021Q2,2,29,2021-06-04,79.9,69.90,30007270,150,62.7215,75,0,2352.017,2021,6,2014-01-03
9789814857970,Captain Underpants #1 Color Edition: The Adventures of Captain Underpants,captain_underpants,2021Q2,2,29,2021-06-04,89.9,79.90,30007270,30,70.5715,75,0,529.247,2021,6,2014-01-03
9789810731540,Captain Underpants #9: and the TerrifyingReturn of Tippy Tinkletrousers,captain_underpants,2021Q2,2,29,2021-06-04,69.9,69.90,30007270,20,54.8715,75,0,274.3575,2021,6,2014-01-03
9789811191008,Dog Man (PB) #05: Lord of the Fleas,dog_man,2021Q2,2,29,2021-06-04,79.9,69.90,30007270,150,62.7215,75,0,2352.017,2021,6,2014-01-03
9789814919982,Captain Underpants #9 Colour Edition PB: The Terrifying Return of Tippy Tinkletro,captain_underpants,2021Q2,2,29,2021-06-04,99.9,89.90,30007270,30,70.5715,75,0,529.247,2021,6,2014-01-03
9789814864015,Captain Underpants #3 Color Edition: Invasion of Incredibly Naughty,captain_underpants,2021Q2,2,29,2021-06-04,89.9,79.90,30007270,30,70.5715,75,0,529.247,2021,6,2014-01-03
9789811157493,Dog Man (PB) #03: A Tale of Two Kitties,dog_man,2021Q2,2,29,2021-06-04,79.9,69.90,30007270,150,62.7215,75,0,2352.017,2021,6,2014-01-03
9789810900298,Captain Underpants #11: and the Tyrannic Retaliation of the Turbo Toilet 2000,captain_underpants,2021Q2,2,29,2021-06-04,69.9,69.90,30007270,29,54.8715,75,0,397.838,2021,6,2014-01-03
9789814855815,Captain Underpants #5 Colour Edition PB: Wrath of the Wicked Wedgie Woman,captain_underpants,2021Q2,2,29,2021-06-04,89.9,79.90,30007270,30,70.5715,75,0,529.247,2021,6,2014-01-03
9789814885775,Dog Man (PB) #7: For Whom The Ball Rolls,dog_man,2021Q2,2,29,2021-06-04,79.9,79.90,30007270,150,62.7215,75,0,2352.017,2021,6,2014-01-03
9789814855792,Captain Underpants: Color Edition Boxed Set (#1-6),captain_underpants,2021Q2,2,29,2021-06-04,529.9,399.90,30007270,20,313.9215,75,0,1569.6075,2021,6,2014-01-03
9789814947640,Dog Man (PB) #09: Grime & Punishment,dog_man,2021Q2,2,29,2021-06-04,89.9,89.90,30007270,150,70.5715,75,0,2646.392,2021,6,2014-01-03
9789811107047,"Captain Underpants #7: and the Big, Bad Battle of the Bionic Booger Boy Part 2",captain_underpants,2021Q2,2,29,2021-06-04,69.9,69.90,30007270,30,47.0215,75,0,352.622,2021,6,2014-01-03
9789814857987,Dog Man (PB) #06: Brawl of the Wild,dog_man,2021Q2,2,29,2021-06-04,79.9,79.90,30007270,150,62.7215,75,0,2352.017,2021,6,2014-01-03
9789814864008,Captain Underpants #2 Color Edition: Attack of the Talking Toilets,captain_underpants,2021Q2,2,29,2021-06-04,89.9,79.90,30007270,30,70.5715,75,0,529.247,2021,6,2014-01-03
9789814919975,Captain Underpants #8 Colour Edtion PB: The Preposterous,captain_underpants,2021Q2,2,29,2021-06-04,89.9,79.90,30007270,30,70.5715,75,0,529.247,2021,6,2014-01-03
9789810745776,Captain Underpants #10: And The Revolt- ing Revenge,captain_underpants,2021Q2,2,29,2021-06-04,69.9,69.90,30007270,30,54.8715,75,0,411.497,2021,6,2014-01-03
9781338603323,Captain Underpants Colossal Color Collection HB: Book #1-5,captain_underpants,2021Q3,3,30,2021-07-05,499.5,499.50,30007281,20,392.1075,65,0,2744.7525,2021,7,2014-01-03
9780545870115,Captain Underpants: Color Collection (Book 1-3),captain_underpants,2021Q3,3,30,2021-07-05,389.0,299.00,30007281,20,235.2645,65,0,1646.8515,2021,7,2014-01-03
9781338603347,Dog Man Super Epic Collection #1-6 HB Set,dog_man,2021Q3,3,30,2021-07-05,599.0,599.00,30007281,20,470.529,65,0,3293.703,2021,7,2014-01-03
9781338262469,Captain Underpants Epic Comix Collection #1: George And Harolds,captain_underpants,2021Q3,3,30,2021-07-05,99.9,99.90,30007281,25,78.4215,65,0,686.1685,2021,7,2014-01-03
9781338262469,Captain Underpants Epic Comix Collection #1: George And Harolds,captain_underpants,2021Q3,3,30,2021-07-09,99.9,99.90,30007311,30,78.4215,75,0,588.122,2021,7,2014-01-03
9781338271508,"Captain Underpants & the Big,Bad Battle of the Bionic Booger Boy,Part 2 (Color)",captain_underpants,2021Q3,3,30,2021-07-09,99.9,99.90,30007311,30,78.4215,75,0,588.122,2021,7,2014-01-03
9781338347241,Captain Underpants #11 Colour Edition : & the Tyrannical Retaliation of the the,captain_underpants,2021Q3,3,30,2021-07-09,129.9,129.90,30007311,40,101.9715,75,0,1019.715,2021,7,2014-01-03
9781338271492,"Captain Underpants & the Big,Bad Battle of the Bionic Booger Boy,Part 1 (Color)",captain_underpants,2021Q3,3,30,2021-07-09,99.9,99.90,30007311,30,78.4215,75,0,588.122,2021,7,2014-01-03
9781338680454,Dog Man #10 HB: Mothering Heights,dog_man,2021Q3,3,30,2021-07-09,129.9,129.90,30007311,288,101.9715,75,0,7341.948,2021,7,2014-01-03
9781338347234,Captain Underpants #10 Colour Edtion and the Revolting Revenge HB,captain_underpants,2021Q3,3,30,2021-07-09,129.9,129.90,30007311,30,101.9715,75,0,764.747,2021,7,2014-01-03
9781338262476,Captain Underpants Epic Comix Collection #2: George and Harolds,captain_underpants,2021Q3,3,30,2021-07-09,99.9,99.90,30007311,30,78.4215,75,0,588.122,2021,7,2014-01-03
9780545870115,Captain Underpants: Color Collection (Book 1-3),captain_underpants,2021Q3,3,30,2021-07-09,389.0,299.00,30007311,25,235.2645,75,0,1470.3835,2021,7,2014-01-03
9781338712766,Cat Kid Comic Club #1,cat_kid,2021Q3,3,30,2021-07-09,129.9,129.90,30007311,240,101.9715,75,0,6118.29,2021,7,2014-01-03
9781447279785,Andy Griffiths: The 13-Storey Treehouse (Export Edt),andy_griffiths,2021Q3,3,30,2021-07-14,89.0,95.00,30007299,40,68.885,70,0,826.62,2021,7,2014-01-03
9781447281580,Andy Griffiths: The 39-Storey Treehouse,andy_griffiths,2021Q3,3,30,2021-07-14,89.0,95.00,30007299,40,68.885,70,0,826.62,2021,7,2014-01-03
9781447279808,Andy Griffiths: The 26-Storey Treehouse,andy_griffiths,2021Q3,3,30,2021-07-14,89.0,95.00,30007299,40,68.885,70,0,826.62,2021,7,2014-01-03
9781509833757,Andy Griffiths: The 78-Storey Treehouse (Export Edt),andy_griffiths,2021Q3,3,30,2021-07-14,89.0,95.00,30007299,40,68.885,70,0,826.62,2021,7,2014-01-03
9781447287575,Andy Griffiths: The 52-Storey Treehouse,andy_griffiths,2021Q3,3,30,2021-07-14,89.0,95.00,30007299,40,68.885,70,0,826.62,2021,7,2014-01-03
9781509839162,Andy Griffiths: The 91-Storey Treehouse (Export Edt),andy_griffiths,2021Q3,3,30,2021-07-14,89.0,95.00,30007299,40,68.885,70,0,826.62,2021,7,2014-01-03
9781509833771,Andy Griffiths: The 104-Storey Treehouse,andy_griffiths,2021Q3,3,30,2021-07-14,89.0,89.00,30007299,40,68.885,70,0,826.62,2021,7,2014-01-03
9781338347241,Captain Underpants #11 Colour Edition : & the Tyrannical Retaliation of the the,captain_underpants,2021Q3,3,30,2021-08-09,129.9,129.90,30007271,30,101.9715,65,0,1070.6615,2021,8,2014-01-03
9781338535624,Dog Man #9 HB: Grime and Punishment,dog_man,2021Q3,3,30,2021-08-09,129.9,129.90,30007271,30,101.9715,65,0,1070.6615,2021,8,2014-01-03
9781338680454,Dog Man #10 HB: Mothering Heights,dog_man,2021Q3,3,30,2021-08-09,129.9,129.90,30007271,504,101.9715,65,0,17987.804,2021,8,2014-01-03
9780545581608,Dog Man HB (OP),dog_man,2021Q3,3,30,2021-08-09,99.9,99.90,30007271,27,78.4215,65,0,741.1185,2021,8,2014-01-03
9781338347234,Captain Underpants #10 Colour Edtion and the Revolting Revenge HB,captain_underpants,2021Q3,3,30,2021-08-09,129.9,129.90,30007271,3,101.9715,65,0,107.074,2021,8,2014-01-03
9781338323214,Dog Man #8 HB: Fetch-22,dog_man,2021Q3,3,30,2021-08-09,129.9,129.90,30007271,3,101.9715,65,0,107.074,2021,8,2014-01-03
9789811157486,Dog Man (PB) #02: Unleashed,dog_man,2021Q3,3,30,2021-08-12,79.9,69.90,30007333,100,62.7215,55,0,2822.4675,2021,8,2014-01-03
9789814857970,Captain Underpants #1 Color Edition: The Adventures of Captain Underpants,captain_underpants,2021Q3,3,30,2021-08-12,89.9,79.90,30007333,20,70.5715,55,0,635.1435,2021,8,2014-01-03
9789814906531,Dog Man (PB) #08: Fetch-22,dog_man,2021Q3,3,30,2021-08-12,89.9,89.90,30007333,120,70.5715,55,0,3810.861,2021,8,2014-01-03
9789814855808,Captain Underpants #4 Colour Edition PB: Perilous Plot of Prof Poopypants,captain_underpants,2021Q3,3,30,2021-08-12,89.9,79.90,30007333,45,70.5715,55,0,1429.0925,2021,8,2014-01-03
9789814820042,Dog Man (PB) #04: Dog Man And Cat Kid,dog_man,2021Q3,3,30,2021-08-12,79.9,69.90,30007333,60,62.7215,55,0,1693.4805,2021,8,2014-01-03
9789814864015,Captain Underpants #3 Color Edition: Invasion of Incredibly Naughty,captain_underpants,2021Q3,3,30,2021-08-12,89.9,79.90,30007333,20,70.5715,55,0,635.1435,2021,8,2014-01-03
9789814919982,Captain Underpants #9 Colour Edition PB: The Terrifying Return of Tippy Tinkletro,captain_underpants,2021Q3,3,30,2021-08-12,99.9,89.90,30007333,5,70.5715,55,0,158.8055,2021,8,2014-01-03
9789811191008,Dog Man (PB) #05: Lord of the Fleas,dog_man,2021Q3,3,30,2021-08-12,79.9,69.90,30007333,90,62.7215,55,0,2540.1815,2021,8,2014-01-03
9789811157493,Dog Man (PB) #03: A Tale of Two Kitties,dog_man,2021Q3,3,30,2021-08-12,79.9,69.90,30007333,90,62.7215,55,0,2540.1815,2021,8,2014-01-03
9789814947640,Dog Man (PB) #09: Grime & Punishment,dog_man,2021Q3,3,30,2021-08-12,89.9,89.90,30007333,60,70.5715,55,0,1905.4305,2021,8,2014-01-03
9789814885775,Dog Man (PB) #7: For Whom The Ball Rolls,dog_man,2021Q3,3,30,2021-08-12,79.9,79.90,30007333,30,62.7215,55,0,846.701,2021,8,2014-01-03
9789814864008,Captain Underpants #2 Color Edition: Attack of the Talking Toilets,captain_underpants,2021Q3,3,30,2021-08-12,89.9,79.90,30007333,20,70.5715,55,0,635.1435,2021,8,2014-01-03
9789814857987,Dog Man (PB) #06: Brawl of the Wild,dog_man,2021Q3,3,30,2021-08-12,79.9,79.90,30007333,90,62.7215,55,0,2540.1815,2021,8,2014-01-03
9789811157479,Dog Man (PB),dog_man,2021Q3,3,30,2021-08-12,79.9,69.90,30007333,90,62.7215,55,0,2540.1815,2021,8,2014-01-03
9781338784855,Cat Kid Comic Club #2: Perspectives HB,cat_kid,2021Q3,3,30,2021-08-31,129.9,129.90,30007369,1008,101.9715,65,0,35975.5295,2021,8,2014-01-03
9789814857987,Dog Man (PB) #06: Brawl of the Wild,dog_man,2021Q3,3,30,2021-09-28,79.9,79.90,30007351,120,62.7215,55,0,3386.961,2021,9,2014-01-03
9781529047882,(OP) Andy Griffiths: The 143-Storey Tree,andy_griffiths,2021Q3,3,30,2021-09-28,89.0,89.00,30007309,600,25.3,0,0,15180.0,2021,9,2014-01-03
9789814864008,Captain Underpants #2 Color Edition: Attack of the Talking Toilets,captain_underpants,2021Q3,3,30,2021-09-28,89.9,79.90,30007351,25,70.5715,55,0,793.949,2021,9,2014-01-03
9789814919982,Captain Underpants #9 Colour Edition PB: The Terrifying Return of Tippy Tinkletro,captain_underpants,2021Q3,3,30,2021-09-28,99.9,89.90,30007351,25,70.5715,55,0,793.949,2021,9,2014-01-03
9789814864015,Captain Underpants #3 Color Edition: Invasion of Incredibly Naughty,captain_underpants,2021Q3,3,30,2021-09-28,89.9,79.90,30007351,25,70.5715,55,0,793.949,2021,9,2014-01-03
9789814919999,Captain Underpants #10 Colour Edition PB CU and Revolting Revenge of the Radioact,captain_underpants,2021Q3,3,30,2021-09-28,99.9,89.90,30007351,25,70.5715,55,0,793.949,2021,9,2014-01-03
9789814820042,Dog Man (PB) #04: Dog Man And Cat Kid,dog_man,2021Q3,3,30,2021-09-28,79.9,69.90,30007351,90,62.7215,55,0,2540.1815,2021,9,2014-01-03
9789814906531,Dog Man (PB) #08: Fetch-22,dog_man,2021Q3,3,30,2021-09-28,89.9,89.90,30007351,120,70.5715,55,0,3810.861,2021,9,2014-01-03
9789814947657,Dog Man (PB) #10 : Mothering Heights,dog_man,2021Q3,3,30,2021-09-28,89.9,89.90,30007351,180,70.5715,55,0,5716.2915,2021,9,2014-01-03
9789814857970,Captain Underpants #1 Color Edition: The Adventures of Captain Underpants,captain_underpants,2021Q3,3,30,2021-09-28,89.9,79.90,30007351,25,70.5715,55,0,793.949,2021,9,2014-01-03
9789814885775,Dog Man (PB) #7: For Whom The Ball Rolls,dog_man,2021Q3,3,30,2021-09-28,79.9,79.90,30007351,90,62.7215,55,0,2540.1815,2021,9,2014-01-03
9789814947640,Dog Man (PB) #09: Grime & Punishment,dog_man,2021Q3,3,30,2021-09-28,89.9,89.90,30007351,120,70.5715,55,0,3810.861,2021,9,2014-01-03
9789811157493,Dog Man (PB) #03: A Tale of Two Kitties,dog_man,2021Q3,3,30,2021-09-28,79.9,69.90,30007351,90,62.7215,55,0,2540.1815,2021,9,2014-01-03
9789811157479,Dog Man (PB),dog_man,2021Q3,3,30,2021-09-28,79.9,69.90,30007351,150,62.7215,55,0,4233.662,2021,9,2014-01-03
9781338712766,Cat Kid Comic Club #1,cat_kid,2021Q4,4,31,2021-10-21,129.9,129.90,30007367,114,101.9715,65,0,4068.655,2021,10,2014-01-03
9781913484118,Guinness World Records 2022,guinness,2021Q4,4,31,2021-11-12,279.0,279.00,30007371,50,230.0,60,0,4600.0,2021,11,2014-01-03
9781509885275,Andy Griffiths: The 117-Storey Treehouse,andy_griffiths,2021Q4,4,31,2021-12-21,89.0,79.00,30007402,40,80.385,65,0,1125.39,2021,12,2014-01-03
9781447281580,Andy Griffiths: The 39-Storey Treehouse,andy_griffiths,2021Q4,4,31,2021-12-21,89.0,95.00,30007402,20,80.385,65,0,562.695,2021,12,2014-01-03
9781447279785,Andy Griffiths: The 13-Storey Treehouse (Export Edt),andy_griffiths,2021Q4,4,31,2021-12-21,89.0,95.00,30007402,40,80.385,65,0,1125.39,2021,12,2014-01-03
9781509839162,Andy Griffiths: The 91-Storey Treehouse (Export Edt),andy_griffiths,2021Q4,4,31,2021-12-21,89.0,95.00,30007402,40,80.385,65,0,1125.39,2021,12,2014-01-03
9781509833757,Andy Griffiths: The 78-Storey Treehouse (Export Edt),andy_griffiths,2021Q4,4,31,2021-12-21,89.0,95.00,30007402,40,80.385,65,0,1125.39,2021,12,2014-01-03
9781447287575,Andy Griffiths: The 52-Storey Treehouse,andy_griffiths,2021Q4,4,31,2021-12-21,89.0,95.00,30007402,30,80.385,65,0,843.985,2021,12,2014-01-03
9781529045932,Andy Griffiths: The 130 Storey Treehouse (Export Edt),andy_griffiths,2021Q4,4,31,2021-12-21,89.0,89.00,30007402,40,80.385,65,0,1125.39,2021,12,2014-01-03
9781447279808,Andy Griffiths: The 26-Storey Treehouse,andy_griffiths,2021Q4,4,31,2021-12-21,89.0,95.00,30007402,40,80.385,65,0,1125.39,2021,12,2014-01-03
9781509833771,Andy Griffiths: The 104-Storey Treehouse,andy_griffiths,2021Q4,4,31,2021-12-21,89.0,89.00,30007402,40,80.385,65,0,1125.39,2021,12,2014-01-03
9781447287599,Andy Griffiths: The 65-Storey Treehouse,andy_griffiths,2021Q4,4,31,2021-12-21,89.0,95.00,30007402,20,80.385,65,0,562.695,2021,12,2014-01-03
9781338801941,Cat Kid Comic Club #3: On Purpose HB,cat_kid,2022Q1,1,32,2022-01-17,129.9,99.00,30007427,1008,101.9715,65,0,35975.5295,2022,1,2014-01-03
9789814906531,Dog Man (PB) #08: Fetch-22,dog_man,2022Q1,1,32,2022-03-25,89.9,89.90,30007435,40,70.5715,65,0,988.001,2022,3,2014-01-03
9789814947657,Dog Man (PB) #10 : Mothering Heights,dog_man,2022Q1,1,32,2022-03-25,89.9,89.90,30007435,40,70.5715,65,0,988.001,2022,3,2014-01-03
9789814855808,Captain Underpants #4 Colour Edition PB: Perilous Plot of Prof Poopypants,captain_underpants,2022Q1,1,32,2022-03-25,89.9,79.90,30007435,20,70.5715,65,0,494.0005,2022,3,2014-01-03
9789814820042,Dog Man (PB) #04: Dog Man And Cat Kid,dog_man,2022Q1,1,32,2022-03-25,79.9,69.90,30007435,40,62.7215,65,0,878.101,2022,3,2014-01-03
9789814864046,Captain Underpants #6 Colour Edition PB: Big Bad Battle of the Bionic Booger PT1,captain_underpants,2022Q1,1,32,2022-03-25,89.9,79.90,30007435,20,70.5715,65,0,494.0005,2022,3,2014-01-03
9789814919999,Captain Underpants #10 Colour Edition PB CU and Revolting Revenge of the Radioact,captain_underpants,2022Q1,1,32,2022-03-25,99.9,89.90,30007435,20,70.5715,65,0,494.0005,2022,3,2014-01-03
9789811157486,Dog Man (PB) #02: Unleashed,dog_man,2022Q1,1,32,2022-03-25,79.9,69.90,30007435,40,62.7215,65,0,878.101,2022,3,2014-01-03
9789814857970,Captain Underpants #1 Color Edition: The Adventures of Captain Underpants,captain_underpants,2022Q1,1,32,2022-03-25,89.9,79.90,30007435,20,70.5715,65,0,494.0005,2022,3,2014-01-03
9789811191008,Dog Man (PB) #05: Lord of the Fleas,dog_man,2022Q1,1,32,2022-03-25,79.9,69.90,30007435,40,62.7215,65,0,878.101,2022,3,2014-01-03
9789814919982,Captain Underpants #9 Colour Edition PB: The Terrifying Return of Tippy Tinkletro,captain_underpants,2022Q1,1,32,2022-03-25,99.9,89.90,30007435,20,70.5715,65,0,494.0005,2022,3,2014-01-03
9789814864015,Captain Underpants #3 Color Edition: Invasion of Incredibly Naughty,captain_underpants,2022Q1,1,32,2022-03-25,89.9,79.90,30007435,20,70.5715,65,0,494.0005,2022,3,2014-01-03
9789814947640,Dog Man (PB) #09: Grime & Punishment,dog_man,2022Q1,1,32,2022-03-25,89.9,89.90,30007435,40,70.5715,65,0,988.001,2022,3,2014-01-03
9789814885775,Dog Man (PB) #7: For Whom The Ball Rolls,dog_man,2022Q1,1,32,2022-03-25,79.9,79.90,30007435,40,62.7215,65,0,878.101,2022,3,2014-01-03
9789814855792,Captain Underpants: Color Edition Boxed Set (#1-6),captain_underpants,2022Q1,1,32,2022-03-25,529.9,399.90,30007435,10,313.9215,65,0,1098.686,2022,3,2014-01-03
9789811157493,Dog Man (PB) #03: A Tale of Two Kitties,dog_man,2022Q1,1,32,2022-03-25,79.9,69.90,30007435,30,62.7215,65,0,658.5365,2022,3,2014-01-03
9789814855815,Captain Underpants #5 Colour Edition PB: Wrath of the Wicked Wedgie Woman,captain_underpants,2022Q1,1,32,2022-03-25,89.9,79.90,30007435,20,70.5715,65,0,494.0005,2022,3,2014-01-03
9789814857987,Dog Man (PB) #06: Brawl of the Wild,dog_man,2022Q1,1,32,2022-03-25,79.9,79.90,30007435,40,62.7215,65,0,878.101,2022,3,2014-01-03
9789814919975,Captain Underpants #8 Colour Edtion PB: The Preposterous,captain_underpants,2022Q1,1,32,2022-03-25,89.9,79.90,30007435,20,70.5715,65,0,494.0005,2022,3,2014-01-03
9789814864008,Captain Underpants #2 Color Edition: Attack of the Talking Toilets,captain_underpants,2022Q1,1,32,2022-03-25,89.9,79.90,30007435,20,70.5715,65,0,494.0005,2022,3,2014-01-03
9781529047882,(OP) Andy Griffiths: The 143-Storey Tree,andy_griffiths,2022Q2,2,33,2022-05-04,89.0,89.00,30007445,60,80.385,65,0,1688.085,2022,5,2014-01-03
9781447279785,Andy Griffiths: The 13-Storey Treehouse (Export Edt),andy_griffiths,2022Q2,2,33,2022-05-04,89.0,95.00,30007445,25,80.385,65,0,703.34,2022,5,2014-01-03
9780545870115,Captain Underpants: Color Collection (Book 1-3),captain_underpants,2022Q2,2,33,2022-05-17,389.0,299.00,30007439,15,235.2645,65,0,1235.119,2022,5,2014-01-03
9789814918008,Captain Underpants #11 Colour Edition PB & the Tyrannical Retaliation of the,captain_underpants,2022Q2,2,33,2022-06-01,99.9,89.90,30007458,40,70.5715,75,0,705.715,2022,6,2014-01-03
9789814855815,Captain Underpants #5 Colour Edition PB: Wrath of the Wicked Wedgie Woman,captain_underpants,2022Q2,2,33,2022-06-01,89.9,79.90,30007458,40,70.5715,75,0,705.715,2022,6,2014-01-03
9789814864008,Captain Underpants #2 Color Edition: Attack of the Talking Toilets,captain_underpants,2022Q2,2,33,2022-06-01,89.9,79.90,30007458,40,70.5715,75,0,705.715,2022,6,2014-01-03
9789814857987,Dog Man (PB) #06: Brawl of the Wild,dog_man,2022Q2,2,33,2022-06-01,79.9,79.90,30007458,172,62.7215,75,0,2697.0245,2022,6,2014-01-03
9789811157479,Dog Man (PB),dog_man,2022Q2,2,33,2022-06-01,79.9,69.90,30007458,210,62.7215,75,0,3292.8395,2022,6,2014-01-03
9789811107047,"Captain Underpants #7: and the Big, Bad Battle of the Bionic Booger Boy Part 2",captain_underpants,2022Q2,2,33,2022-06-01,69.9,69.90,30007458,50,47.0215,75,0,587.7295,2022,6,2014-01-03
9789814855792,Captain Underpants: Color Edition Boxed Set (#1-6),captain_underpants,2022Q2,2,33,2022-06-01,529.9,399.90,30007458,25,313.9215,75,0,1962.029,2022,6,2014-01-03
9789814885775,Dog Man (PB) #7: For Whom The Ball Rolls,dog_man,2022Q2,2,33,2022-06-01,79.9,79.90,30007458,210,62.7215,75,0,3292.8395,2022,6,2014-01-03
9789814947640,Dog Man (PB) #09: Grime & Punishment,dog_man,2022Q2,2,33,2022-06-01,89.9,89.90,30007458,210,70.5715,75,0,3704.9645,2022,6,2014-01-03
9789814857970,Captain Underpants #1 Color Edition: The Adventures of Captain Underpants,captain_underpants,2022Q2,2,33,2022-06-01,89.9,79.90,30007458,40,70.5715,75,0,705.715,2022,6,2014-01-03
9789811157486,Dog Man (PB) #02: Unleashed,dog_man,2022Q2,2,33,2022-06-01,79.9,69.90,30007458,210,62.7215,75,0,3292.8395,2022,6,2014-01-03
9789810731540,Captain Underpants #9: and the TerrifyingReturn of Tippy Tinkletrousers,captain_underpants,2022Q2,2,33,2022-06-01,69.9,69.90,30007458,50,54.8715,75,0,685.8545,2022,6,2014-01-03
9789814864015,Captain Underpants #3 Color Edition: Invasion of Incredibly Naughty,captain_underpants,2022Q2,2,33,2022-06-01,89.9,79.90,30007458,40,70.5715,75,0,705.715,2022,6,2014-01-03
9789811191008,Dog Man (PB) #05: Lord of the Fleas,dog_man,2022Q2,2,33,2022-06-01,79.9,69.90,30007458,33,62.7215,75,0,517.472,2022,6,2014-01-03
9789814864046,Captain Underpants #6 Colour Edition PB: Big Bad Battle of the Bionic Booger PT1,captain_underpants,2022Q2,2,33,2022-06-01,89.9,79.90,30007458,40,70.5715,75,0,705.715,2022,6,2014-01-03
9789811107030,"Captain Underpants #6: and the Big, Bad Battle of the Bionic Booger Boy Part 1",captain_underpants,2022Q2,2,33,2022-06-01,59.9,69.90,30007458,50,47.0215,75,0,587.7295,2022,6,2014-01-03
9789814820042,Dog Man (PB) #04: Dog Man And Cat Kid,dog_man,2022Q2,2,33,2022-06-01,79.9,69.90,30007458,210,62.7215,75,0,3292.8395,2022,6,2014-01-03
9789811157493,Dog Man (PB) #03: A Tale of Two Kitties,dog_man,2022Q2,2,33,2022-06-01,79.9,69.90,30007458,210,62.7215,75,0,3292.8395,2022,6,2014-01-03
9789814855808,Captain Underpants #4 Colour Edition PB: Perilous Plot of Prof Poopypants,captain_underpants,2022Q2,2,33,2022-06-01,89.9,79.90,30007458,40,70.5715,75,0,705.715,2022,6,2014-01-03
9789811107054,Captain Underpants #8: The Preposterous Plight of The Purple Potty People,captain_underpants,2022Q2,2,33,2022-06-01,59.9,69.90,30007458,50,47.0215,75,0,587.7295,2022,6,2014-01-03
9789814906531,Dog Man (PB) #08: Fetch-22,dog_man,2022Q2,2,33,2022-06-01,89.9,89.90,30007458,210,70.5715,75,0,3704.9645,2022,6,2014-01-03
9789814947657,Dog Man (PB) #10 : Mothering Heights,dog_man,2022Q2,2,33,2022-06-01,89.9,89.90,30007458,210,70.5715,75,0,3704.9645,2022,6,2014-01-03
9781509885275,Andy Griffiths: The 117-Storey Treehouse,andy_griffiths,2022Q2,2,33,2022-06-28,89.0,79.00,30007507,40,80.385,68,0,1028.905,2022,6,2014-01-03
9781447287599,Andy Griffiths: The 65-Storey Treehouse,andy_griffiths,2022Q2,2,33,2022-06-28,89.0,95.00,30007507,25,80.385,68,0,643.08,2022,6,2014-01-03
9781509833771,Andy Griffiths: The 104-Storey Treehouse,andy_griffiths,2022Q2,2,33,2022-06-28,89.0,89.00,30007507,40,80.385,68,0,1028.905,2022,6,2014-01-03
9781529045932,Andy Griffiths: The 130 Storey Treehouse (Export Edt),andy_griffiths,2022Q2,2,33,2022-06-28,89.0,89.00,30007507,50,80.385,68,0,1286.16,2022,6,2014-01-03
9781447287575,Andy Griffiths: The 52-Storey Treehouse,andy_griffiths,2022Q2,2,33,2022-06-28,89.0,95.00,30007507,40,80.385,68,0,1028.905,2022,6,2014-01-03
9781509833757,Andy Griffiths: The 78-Storey Treehouse (Export Edt),andy_griffiths,2022Q2,2,33,2022-06-28,89.0,95.00,30007507,25,80.385,68,0,643.08,2022,6,2014-01-03
9781447279808,Andy Griffiths: The 26-Storey Treehouse,andy_griffiths,2022Q2,2,33,2022-06-28,89.0,95.00,30007507,40,80.385,68,0,1028.905,2022,6,2014-01-03
9781529047882,(OP) Andy Griffiths: The 143-Storey Tree,andy_griffiths,2022Q2,2,33,2022-06-28,89.0,89.00,30007507,30,80.385,68,0,771.65,2022,6,2014-01-03
9781509839162,Andy Griffiths: The 91-Storey Treehouse (Export Edt),andy_griffiths,2022Q2,2,33,2022-06-28,89.0,95.00,30007507,25,80.385,68,0,643.08,2022,6,2014-01-03
9781447279785,Andy Griffiths: The 13-Storey Treehouse (Export Edt),andy_griffiths,2022Q2,2,33,2022-06-28,89.0,95.00,30007507,40,80.385,68,0,1028.905,2022,6,2014-01-03
9781447281580,Andy Griffiths: The 39-Storey Treehouse,andy_griffiths,2022Q2,2,33,2022-06-28,89.0,95.00,30007507,40,80.385,68,0,1028.905,2022,6,2014-01-03
9781338784855,Cat Kid Comic Club #2: Perspectives HB,cat_kid,2022Q3,3,34,2022-07-07,129.9,129.90,30007494,72,101.9715,75,0,1835.487,2022,7,2014-01-03
9781338271492,"Captain Underpants & the Big,Bad Battle of the Bionic Booger Boy,Part 1 (Color)",captain_underpants,2022Q3,3,34,2022-07-07,99.9,99.90,30007494,30,78.4215,75,0,588.122,2022,7,2014-01-03
9781338271508,"Captain Underpants & the Big,Bad Battle of the Bionic Booger Boy,Part 2 (Color)",captain_underpants,2022Q3,3,34,2022-07-07,99.9,99.90,30007494,30,78.4215,75,0,588.122,2022,7,2014-01-03
9781338792164,Dog Man:The Supa Buddies Mega Collection,dog_man,2022Q3,3,34,2022-07-07,1299.0,1299.00,30007494,40,1019.715,75,0,10197.15,2022,7,2014-01-03
9780545870115,Captain Underpants: Color Collection (Book 1-3),captain_underpants,2022Q3,3,34,2022-07-07,389.0,299.00,30007494,25,235.2645,75,0,1470.3835,2022,7,2014-01-03
9781338262476,Captain Underpants Epic Comix Collection #2: George and Harolds,captain_underpants,2022Q3,3,34,2022-07-07,99.9,99.90,30007494,30,78.4215,75,0,588.122,2022,7,2014-01-03
9781338262469,Captain Underpants Epic Comix Collection #1: George And Harolds,captain_underpants,2022Q3,3,34,2022-07-07,99.9,99.90,30007494,30,78.4215,75,0,588.122,2022,7,2014-01-03
9781447287599,Andy Griffiths: The 65-Storey Treehouse,andy_griffiths,2022Q3,3,34,2022-08-17,89.0,95.00,30007538,30,16.1,0,0,483.0,2022,8,2014-01-03
9781447279808,Andy Griffiths: The 26-Storey Treehouse,andy_griffiths,2022Q3,3,34,2022-08-17,89.0,95.00,30007538,30,16.1,0,0,483.0,2022,8,2014-01-03
9781447279785,Andy Griffiths: The 13-Storey Treehouse (Export Edt),andy_griffiths,2022Q3,3,34,2022-08-17,89.0,95.00,30007538,30,16.1,0,0,483.0,2022,8,2014-01-03
9781447287575,Andy Griffiths: The 52-Storey Treehouse,andy_griffiths,2022Q3,3,34,2022-08-17,89.0,95.00,30007538,30,16.1,0,0,483.0,2022,8,2014-01-03
9781447281580,Andy Griffiths: The 39-Storey Treehouse,andy_griffiths,2022Q3,3,34,2022-08-17,89.0,95.00,30007538,30,16.1,0,0,483.0,2022,8,2014-01-03
9781529088601,Andy Griffiths: The 156-Storey Treehouse,andy_griffiths,2022Q3,3,34,2022-09-28,89.0,89.00,30007550,700,25.3,0,0,17710.0,2022,9,2014-01-03
9781338271492,"Captain Underpants & the Big,Bad Battle of the Bionic Booger Boy,Part 1 (Color)",captain_underpants,2022Q4,4,35,2022-10-14,99.9,99.90,30007566,25,78.4215,65,0,686.1685,2022,10,2014-01-03
9781338271508,"Captain Underpants & the Big,Bad Battle of the Bionic Booger Boy,Part 2 (Color)",captain_underpants,2022Q4,4,35,2022-10-14,99.9,99.90,30007566,25,78.4215,65,0,686.1685,2022,10,2014-01-03
9781338846621,Cat Kid Comic Club #4: Collaborations HB,cat_kid,2022Q4,4,35,2022-11-05,129.9,99.00,30007588,1032,101.9715,65,0,36832.1215,2022,11,2014-01-03
9781913484217,Guinness World Records 2023,guinness,2022Q4,4,35,2022-11-09,239.0,59.00,30007570,90,253.0,60,0,9108.0,2022,11,2014-01-03
9781407163284,Captain Underpants (10 Book Set),captain_underpants,2023Q1,1,36,2023-03-01,399.0,399,30007671,1,240.0,0,0,240.0,2023,3,2014-01-03
9781338230642,UK-Dog Man The Epic 3 Books Collection By Dav Pilkey - Ages 9-14 - Hardback,dog_man,2023Q1,1,36,2023-03-01,279.0,279,30007671,2,191.9,0,0,383.8,2023,3,2014-01-03
9781338814491,Captain Underpants: The Double-Crunchy Book o' Fun: Full Color HB,captain_underpants,2023Q2,2,37,2023-04-28,129.9,129.90,30007688,30,101.9715,65,1988,1070.74,2023,4,2014-01-03
9789814919968,"Captain Underpants #7: and the Big, Bad Battle of the Bionic Booger Boy Part 2",captain_underpants,2023Q2,2,37,2023-05-15,89.9,89.90,30007684,50,70.5715,75,2646,882.183,2023,5,2014-01-03
9789814864008,Captain Underpants #2 Color Edition: Attack of the Talking Toilets,captain_underpants,2023Q2,2,37,2023-05-15,89.9,79.90,30007684,50,70.5715,75,2646,882.183,2023,5,2014-01-03
9789814919975,Captain Underpants #8 Colour Edtion PB: The Preposterous,captain_underpants,2023Q2,2,37,2023-05-15,89.9,79.90,30007684,50,70.5715,75,2646,882.183,2023,5,2014-01-03
9789814855815,Captain Underpants #5 Colour Edition PB: Wrath of the Wicked Wedgie Woman,captain_underpants,2023Q2,2,37,2023-05-15,89.9,79.90,30007684,50,70.5715,75,2646,882.183,2023,5,2014-01-03
9789813387386,Dav Pilkey - Cat Kid Comic Club #3: On Purpose,cat_kid,2023Q2,2,37,2023-05-15,89.9,89.90,30007684,150,70.5715,75,7939,2646.4705,2023,5,2014-01-03
9789814918008,Captain Underpants #11 Colour Edition PB & the Tyrannical Retaliation of the,captain_underpants,2023Q2,2,37,2023-05-15,99.9,89.90,30007684,50,78.4215,75,2940,980.308,2023,5,2014-01-03
9789814864046,Captain Underpants #6 Colour Edition PB: Big Bad Battle of the Bionic Booger PT1,captain_underpants,2023Q2,2,37,2023-05-15,89.9,79.90,30007684,50,70.5715,75,2646,882.183,2023,5,2014-01-03
9789814919999,Captain Underpants #10 Colour Edition PB CU and Revolting Revenge of the Radioact,captain_underpants,2023Q2,2,37,2023-05-15,99.9,89.90,30007684,50,78.4215,75,2940,980.308,2023,5,2014-01-03
9789813378124,Dav Pilkey - Cat Kid Comic Club #2: Perspectives,cat_kid,2023Q2,2,37,2023-05-15,89.9,89.90,30007684,150,70.5715,75,7939,2646.4705,2023,5,2014-01-03
9789814855808,Captain Underpants #4 Colour Edition PB: Perilous Plot of Prof Poopypants,captain_underpants,2023Q2,2,37,2023-05-15,89.9,79.90,30007684,50,70.5715,75,2646,882.183,2023,5,2014-01-03
9789814857970,Captain Underpants #1 Color Edition: The Adventures of Captain Underpants,captain_underpants,2023Q2,2,37,2023-05-15,89.9,79.90,30007684,50,70.5715,75,2646,882.183,2023,5,2014-01-03
9789814864015,Captain Underpants #3 Color Edition: Invasion of Incredibly Naughty,captain_underpants,2023Q2,2,37,2023-05-15,89.9,79.90,30007684,50,70.5715,75,2646,882.183,2023,5,2014-01-03
9789814919982,Captain Underpants #9 Colour Edition PB: The Terrifying Return of Tippy Tinkletro,captain_underpants,2023Q2,2,37,2023-05-15,99.9,89.90,30007684,50,78.4215,75,2940,980.308,2023,5,2014-01-03
9781338865394,The Adventures of Captain Underpants 25.5 Anniversary Edition,captain_underpants,2023Q2,2,37,2023-06-19,129.9,129.90,30007687,40,101.9715,75,3059,1019.715,2023,6,2014-01-03
9781338262476,Captain Underpants Epic Comix Collection #2: George and Harolds,captain_underpants,2023Q2,2,37,2023-06-19,99.9,99.90,30007687,30,78.4215,75,1764,588.2005,2023,6,2014-01-03
9781338864359,Captain Underpants Part 2: The Revenge of the Ridiculous Robo-Boogers: Color Ed,captain_underpants,2023Q2,2,37,2023-06-19,129.9,129.90,30007687,50,101.9715,75,3823,1274.683,2023,6,2014-01-03
9781338814491,Captain Underpants: The Double-Crunchy Book o' Fun: Full Color HB,captain_underpants,2023Q2,2,37,2023-06-19,129.9,129.90,30007687,50,101.9715,75,3823,1274.683,2023,6,2014-01-03
9781338262469,Captain Underpants Epic Comix Collection #1: George And Harolds,captain_underpants,2023Q2,2,37,2023-06-19,99.9,99.90,30007687,30,78.4215,75,1764,588.2005,2023,6,2014-01-03
9781338864342,Captain Underpants Part 1: The Night of the Nasty Nostril Nuggets: Color Edition,captain_underpants,2023Q2,2,37,2023-06-19,129.9,129.90,30007687,50,101.9715,75,3823,1274.683,2023,6,2014-01-03
9781509885275,Andy Griffiths: The 117-Storey Treehouse,andy_griffiths,2023Q2,2,37,2023-06-30,89.0,79.00,30007696,60,80.385,68,3279,1543.415,2023,6,2014-01-03
9781529017984,Andy Griffiths: The 143 Storey Treehouse,andy_griffiths,2023Q2,2,37,2023-06-30,89.0,89.00,30007696,60,91.885,68,3748,1764.215,2023,6,2014-01-03
9781509833771,Andy Griffiths: The 104-Storey Treehouse,andy_griffiths,2023Q2,2,37,2023-06-30,89.0,89.00,30007696,60,91.885,68,3748,1764.215,2023,6,2014-01-03
9781447287599,Andy Griffiths: The 65-Storey Treehouse,andy_griffiths,2023Q2,2,37,2023-06-30,89.0,95.00,30007696,30,91.885,68,1874,882.05,2023,6,2014-01-03
9781447279808,Andy Griffiths: The 26-Storey Treehouse,andy_griffiths,2023Q2,2,37,2023-06-30,89.0,95.00,30007696,40,80.385,68,2186,1028.905,2023,6,2014-01-03
9781509839162,Andy Griffiths: The 91-Storey Treehouse (Export Edt),andy_griffiths,2023Q2,2,37,2023-06-30,89.0,95.00,30007696,60,91.885,68,3748,1764.215,2023,6,2014-01-03
9781447279785,Andy Griffiths: The 13-Storey Treehouse (Export Edt),andy_griffiths,2023Q2,2,37,2023-06-30,89.0,95.00,30007696,40,80.385,68,2186,1028.905,2023,6,2014-01-03
9781509833757,Andy Griffiths: The 78-Storey Treehouse (Export Edt),andy_griffiths,2023Q2,2,37,2023-06-30,89.0,95.00,30007696,60,80.385,68,3279,1543.415,2023,6,2014-01-03
9781447287575,Andy Griffiths: The 52-Storey Treehouse,andy_griffiths,2023Q2,2,37,2023-06-30,89.0,95.00,30007696,30,91.885,68,1874,882.05,2023,6,2014-01-03
9781529045932,Andy Griffiths: The 130 Storey Treehouse (Export Edt),andy_griffiths,2023Q2,2,37,2023-06-30,89.0,89.00,30007696,60,91.885,68,3748,1764.215,2023,6,2014-01-03
9781529088601,Andy Griffiths: The 156-Storey Treehouse,andy_griffiths,2023Q2,2,37,2023-06-30,89.0,89.00,30007696,60,80.5,68,3284,1545.6,2023,6,2014-01-03
9781447281580,Andy Griffiths: The 39-Storey Treehouse,andy_griffiths,2023Q3,3,38,2023-07-01,89.0,95.00,30007709,40,16.1,0,0,644.0,2023,7,2014-01-03
9781447287575,Andy Griffiths: The 52-Storey Treehouse,andy_griffiths,2023Q3,3,38,2023-07-01,89.0,95.00,30007709,40,16.1,0,0,644.0,2023,7,2014-01-03
9781447279785,Andy Griffiths: The 13-Storey Treehouse (Export Edt),andy_griffiths,2023Q3,3,38,2023-07-01,89.0,95.00,30007709,40,16.1,0,0,644.0,2023,7,2014-01-03
9781447287599,Andy Griffiths: The 65-Storey Treehouse,andy_griffiths,2023Q3,3,38,2023-07-01,89.0,95.00,30007709,40,16.1,0,0,644.0,2023,7,2014-01-03
9781447279808,Andy Griffiths: The 26-Storey Treehouse,andy_griffiths,2023Q3,3,38,2023-07-01,89.0,95.00,30007709,40,16.1,0,0,644.0,2023,7,2014-01-03
9781338801910,Dog Man #11 HB: Twenty Thousand Fleas Under the Sea,dog_man,2023Q3,3,38,2023-09-01,149.9,$149.90,30007797,1008,117.6715,65,77098,41514.4895,2023,9,2014-01-03
9781913484385,Guinness World Records 2024,guinness,2023Q4,4,39,2023-10-13,239.0,,30007814,300,253.0,60,45540,30360.0,2023,10,2014-01-03
9781338896435,Dog Man #12 HB: The Scarlet Shedder,dog_man,2024Q1,1,40,2024-03-08,149.9,149.90,30007880,880,116.922,60,61734,41156.544,2024,3,2014-01-03
9781338896435,Dog Man #12 HB: The Scarlet Shedder,dog_man,2024Q2,2,41,2024-06-03,149.9,149.90,30007952,264,116.922,70,21607,9260.238,2024,6,2014-01-03
9789814855792,Captain Underpants: Color Edition Boxed Set (#1-6),captain_underpants,2024Q2,2,41,2024-06-03,529.9,399.90,30007947,24,413.322,70,6943,2975.934,2024,6,2014-01-03
9789814855815,Captain Underpants #5 Colour Edition PB: Wrath of the Wicked Wedgie Woman,captain_underpants,2024Q2,2,41,2024-06-03,89.9,79.90,30007947,50,70.122,70,2454,1051.83,2024,6,2014-01-03
9789814918008,Captain Underpants #11 Colour Edition PB & the Tyrannical Retaliation of the,captain_underpants,2024Q2,2,41,2024-06-03,99.9,89.90,30007947,50,77.922,70,2727,1168.83,2024,6,2014-01-03
9789813387386,Dav Pilkey - Cat Kid Comic Club #3: On Purpose,cat_kid,2024Q2,2,41,2024-06-03,89.9,89.90,30007947,150,70.122,70,7362,3155.49,2024,6,2014-01-03
9789814864008,Captain Underpants #2 Color Edition: Attack of the Talking Toilets,captain_underpants,2024Q2,2,41,2024-06-03,89.9,79.90,30007947,50,70.122,70,2454,1051.83,2024,6,2014-01-03
9789814919975,Captain Underpants #8 Colour Edtion PB: The Preposterous,captain_underpants,2024Q2,2,41,2024-06-03,89.9,79.90,30007947,50,70.122,70,2454,1051.83,2024,6,2014-01-03
9789814919968,"Captain Underpants #7: and the Big, Bad Battle of the Bionic Booger Boy Part 2",captain_underpants,2024Q2,2,41,2024-06-03,89.9,89.90,30007947,50,70.122,70,2454,1051.83,2024,6,2014-01-03
9789814855808,Captain Underpants #4 Colour Edition PB: Perilous Plot of Prof Poopypants,captain_underpants,2024Q2,2,41,2024-06-03,89.9,79.90,30007947,50,70.122,70,2454,1051.83,2024,6,2014-01-03
9789814947657,Dog Man (PB) #10 : Mothering Heights,dog_man,2024Q2,2,41,2024-06-03,89.9,89.90,30007947,60,70.122,70,2945,1262.196,2024,6,2014-01-03
9789813387195,Dog Man #11: Twenty Thousand Fleas Under the Sea,dog_man,2024Q2,2,41,2024-06-03,89.9,89.90,30007947,150,70.122,70,7362,3155.49,2024,6,2014-01-03
9789814857970,Captain Underpants #1 Color Edition: The Adventures of Captain Underpants,captain_underpants,2024Q2,2,41,2024-06-03,89.9,79.90,30007947,50,70.122,70,2454,1051.83,2024,6,2014-01-03
9789814864046,Captain Underpants #6 Colour Edition PB: Big Bad Battle of the Bionic Booger PT1,captain_underpants,2024Q2,2,41,2024-06-03,89.9,79.90,30007947,50,70.122,70,2454,1051.83,2024,6,2014-01-03
9789814919999,Captain Underpants #10 Colour Edition PB CU and Revolting Revenge of the Radioact,captain_underpants,2024Q2,2,41,2024-06-03,99.9,89.90,30007947,50,77.922,70,2727,1168.83,2024,6,2014-01-03
9789813378124,Dav Pilkey - Cat Kid Comic Club #2: Perspectives,cat_kid,2024Q2,2,41,2024-06-03,89.9,89.90,30007947,150,70.122,70,7362,3155.49,2024,6,2014-01-03
9789814864015,Captain Underpants #3 Color Edition: Invasion of Incredibly Naughty,captain_underpants,2024Q2,2,41,2024-06-03,89.9,79.90,30007947,50,70.122,70,2454,1051.83,2024,6,2014-01-03
9789814919982,Captain Underpants #9 Colour Edition PB: The Terrifying Return of Tippy Tinkletro,captain_underpants,2024Q2,2,41,2024-06-03,99.9,89.90,30007947,50,77.922,70,2727,1168.83,2024,6,2014-01-03
9789813387171,Dav Pilkey - Cat Kid Comic Club #4 Collaborations,cat_kid,2024Q2,2,41,2024-06-13,89.9,89.90,30007956,150,70.122,70,7362,3155.49,2024,6,2014-01-03
9789814947640,Dog Man (PB) #09: Grime & Punishment,dog_man,2024Q2,2,41,2024-06-13,89.9,89.90,30007955,60,70.122,70,2945,1262.196,2024,6,2014-01-03
9781529045932,Andy Griffiths: The 130 Storey Treehouse (Export Edt),andy_griffiths,2024Q2,2,41,2024-06-14,89.0,89.00,30007959,35,80.0598,68,1905,896.6898,2024,6,2014-01-03
9781529088687,Andy Griffiths: The 156 Storey Treehouse (Export Edt),andy_griffiths,2024Q2,2,41,2024-06-14,89.0,89.00,30007959,50,80.0598,68,2722,1280.9568,2024,6,2014-01-03
9781447279785,Andy Griffiths: The 13-Storey Treehouse (Export Edt),andy_griffiths,2024Q2,2,41,2024-06-14,89.0,95.00,30007959,25,80.0598,68,1361,640.4784,2024,6,2014-01-03
9781529017984,Andy Griffiths: The 143 Storey Treehouse,andy_griffiths,2024Q2,2,41,2024-06-14,89.0,89.00,30007959,40,80.0598,68,2177,1024.7454,2024,6,2014-01-03
9781338865394,The Adventures of Captain Underpants 25.5 Anniversary Edition,captain_underpants,2024Q3,3,42,2024-08-01,129.9,129.90,30008017,60,101.322,70,4255,1823.796,2024,8,2014-01-03
9789811157479,Dog Man (PB),dog_man,2024Q3,3,42,2024-09-27,79.9,69.90,30008066,150,70.122,60,6310,4207.32,2024,9,2014-01-03
9789814855792,Captain Underpants: Color Edition Boxed Set (#1-6),captain_underpants,2024Q3,3,42,2024-09-27,529.9,399.90,30008066,10,413.322,60,2479,1653.288,2024,9,2014-01-03
9789814885775,Dog Man (PB) #7: For Whom The Ball Rolls,dog_man,2024Q3,3,42,2024-09-27,79.9,79.90,30008066,150,70.122,60,6310,4207.32,2024,9,2014-01-03
9789814947640,Dog Man (PB) #09: Grime & Punishment,dog_man,2024Q3,3,42,2024-09-27,89.9,89.90,30008066,150,70.122,60,6310,4207.32,2024,9,2014-01-03
9789814820042,Dog Man (PB) #04: Dog Man And Cat Kid,dog_man,2024Q3,3,42,2024-09-27,79.9,69.90,30008066,150,70.122,60,6310,4207.32,2024,9,2014-01-03
9789814864015,Captain Underpants #3 Color Edition: Invasion of Incredibly Naughty,captain_underpants,2024Q3,3,42,2024-09-27,89.9,79.90,30008066,40,70.122,60,1682,1121.952,2024,9,2014-01-03
9789814919982,Captain Underpants #9 Colour Edition PB: The Terrifying Return of Tippy Tinkletro,captain_underpants,2024Q3,3,42,2024-09-27,99.9,89.90,30008066,40,77.922,60,1870,1246.752,2024,9,2014-01-03
9789811191008,Dog Man (PB) #05: Lord of the Fleas,dog_man,2024Q3,3,42,2024-09-27,79.9,69.90,30008066,150,70.122,60,6310,4207.32,2024,9,2014-01-03
9789814857970,Captain Underpants #1 Color Edition: The Adventures of Captain Underpants,captain_underpants,2024Q3,3,42,2024-09-27,89.9,79.90,30008066,40,70.122,60,1682,1121.952,2024,9,2014-01-03
9789811157486,Dog Man (PB) #02: Unleashed,dog_man,2024Q3,3,42,2024-09-27,79.9,69.90,30008066,150,70.122,60,6310,4207.32,2024,9,2014-01-03
9789813387195,Dog Man #11: Twenty Thousand Fleas Under the Sea,dog_man,2024Q3,3,42,2024-09-27,89.9,89.90,30008066,150,70.122,60,6310,4207.32,2024,9,2014-01-03
9789814947657,Dog Man (PB) #10 : Mothering Heights,dog_man,2024Q3,3,42,2024-09-27,89.9,89.90,30008066,150,70.122,60,6310,4207.32,2024,9,2014-01-03
9789814906531,Dog Man (PB) #08: Fetch-22,dog_man,2024Q3,3,42,2024-09-27,89.9,89.90,30008066,150,70.122,60,6310,4207.32,2024,9,2014-01-03
9789811157493,Dog Man (PB) #03: A Tale of Two Kitties,dog_man,2024Q3,3,42,2024-09-27,79.9,69.90,30008066,60,70.122,60,2524,1682.928,2024,9,2014-01-03
9789814857987,Dog Man (PB) #06: Brawl of the Wild,dog_man,2024Q3,3,42,2024-09-27,79.9,79.90,30008066,60,70.122,60,2524,1682.928,2024,9,2014-01-03
9789814864008,Captain Underpants #2 Color Edition: Attack of the Talking Toilets,captain_underpants,2024Q3,3,42,2024-09-27,89.9,79.90,30008066,30,70.122,60,1262,841.464,2024,9,2014-01-03
9789814919975,Captain Underpants #8 Colour Edtion PB: The Preposterous,captain_underpants,2024Q3,3,42,2024-09-27,89.9,79.90,30008066,30,70.122,60,1262,841.464,2024,9,2014-01-03
9789814918008,Captain Underpants #11 Colour Edition PB & the Tyrannical Retaliation of the,captain_underpants,2024Q3,3,42,2024-09-27,99.9,89.90,30008066,40,77.922,60,1870,1246.752,2024,9,2014-01-03
9781338846621,Cat Kid Comic Club #4: Collaborations HB,cat_kid,2025Q2,2,45,2025-06-11,129.9,99.00,30008272,48,101.322,60,2918,1945.398,2025,6,2014-01-03
9789814919968,"Captain Underpants #7: and the Big, Bad Battle of the Bionic Booger Boy Part 2",captain_underpants,2025Q2,2,45,2025-06-11,89.9,89.90,30008272,30,70.122,60,1262,841.464,2025,6,2014-01-03
9789814864008,Captain Underpants #2 Color Edition: Attack of the Talking Toilets,captain_underpants,2025Q2,2,45,2025-06-11,89.9,79.90,30008272,30,70.122,60,1262,841.464,2025,6,2014-01-03
9789814919975,Captain Underpants #8 Colour Edtion PB: The Preposterous,captain_underpants,2025Q2,2,45,2025-06-11,89.9,79.90,30008272,30,70.122,60,1262,841.464,2025,6,2014-01-03
9789813389717,Captain Underpants: Color Edition Boxed (#7-10),captain_underpants,2025Q2,2,45,2025-06-11,569.9,569.90,30008272,25,444.522,60,6667,4445.22,2025,6,2014-01-03
9789814857970,Captain Underpants #1 Color Edition: The Adventures of Captain Underpants,captain_underpants,2025Q2,2,45,2025-06-11,89.9,79.90,30008272,30,70.122,60,1262,841.464,2025,6,2014-01-03
9789814919999,Captain Underpants #10 Colour Edition PB CU and Revolting Revenge of the Radioact,captain_underpants,2025Q2,2,45,2025-06-11,99.9,89.90,30008272,30,77.922,60,1402,935.064,2025,6,2014-01-03
9789814855792,Captain Underpants: Color Edition Boxed Set (#1-6),captain_underpants,2025Q2,2,45,2025-06-11,529.9,399.90,30008272,25,413.322,60,6199,4133.22,2025,6,2014-01-03
9789814918008,Captain Underpants #11 Colour Edition PB & the Tyrannical Retaliation of the,captain_underpants,2025Q2,2,45,2025-06-11,99.9,89.90,30008272,30,77.922,60,1402,935.064,2025,6,2014-01-03
9781509885275,Andy Griffiths: The 117-Storey Treehouse,andy_griffiths,2025Q3,3,46,2025-07-02,89.0,79.00,30008316,30,68.136,68,1389,654.1056,2025,7,2014-01-03
9781529017984,Andy Griffiths: The 143 Storey Treehouse,andy_griffiths,2025Q3,3,46,2025-07-02,89.0,89.00,30008316,40,68.136,68,1853,872.1408,2025,7,2014-01-03
9781035044450,Andy Griffiths: The 39-Storey Treehouse (Colour Edition),andy_griffiths,2025Q3,3,46,2025-07-02,135.0,135.00,30008316,40,100.0998,68,2722,1281.2574,2025,7,2014-01-03
9781447279785,Andy Griffiths: The 13-Storey Treehouse (Export Edt),andy_griffiths,2025Q3,3,46,2025-07-02,89.0,95.00,30008316,30,68.136,68,1389,654.1056,2025,7,2014-01-03
9781529074147,Andy Griffiths: The 13-Storey Treehouse (Colour Edition),andy_griffiths,2025Q3,3,46,2025-07-02,125.0,125.00,30008316,40,90.0798,68,2450,1153.0014,2025,7,2014-01-03
9781509833771,Andy Griffiths: The 104-Storey Treehouse,andy_griffiths,2025Q3,3,46,2025-07-02,89.0,89.00,30008316,30,68.136,68,1389,654.1056,2025,7,2014-01-03
9781509833757,Andy Griffiths: The 78-Storey Treehouse (Export Edt),andy_griffiths,2025Q3,3,46,2025-07-02,89.0,95.00,30008316,30,68.136,68,1389,654.1056,2025,7,2014-01-03
9781529045932,Andy Griffiths: The 130 Storey Treehouse (Export Edt),andy_griffiths,2025Q3,3,46,2025-07-02,89.0,89.00,30008316,30,68.136,68,1389,654.1056,2025,7,2014-01-03
9781509839162,Andy Griffiths: The 91-Storey Treehouse (Export Edt),andy_griffiths,2025Q3,3,46,2025-07-02,89.0,95.00,30008316,30,68.136,68,1389,654.1056,2025,7,2014-01-03
9781338896435,Dog Man #12 HB: The Scarlet Shedder,dog_man,2025Q3,3,46,2025-08-01,149.9,149.90,30008344,48,116.922,60,3367,2244.918,2025,8,2014-01-03
9781338801910,Dog Man #11 HB: Twenty Thousand Fleas Under the Sea,dog_man,2025Q3,3,46,2025-08-01,149.9,$149.90,30008344,48,116.922,60,3367,2244.918,2025,8,2014-01-03
9781338535624,Dog Man #9 HB: Grime and Punishment,dog_man,2025Q3,3,46,2025-08-01,129.9,129.90,30008344,48,101.322,60,2918,1945.398,2025,8,2014-01-03
9781338784855,Cat Kid Comic Club #2: Perspectives HB,cat_kid,2025Q3,3,46,2025-08-01,129.9,129.90,30008344,48,101.322,60,2918,1945.398,2025,8,2014-01-03
9781338865394,The Adventures of Captain Underpants 25.5 Anniversary Edition,captain_underpants,2025Q3,3,46,2025-08-01,129.9,129.90,30008344,50,101.322,60,3039,2026.44,2025,8,2014-01-03
9781338741049,Dog Man #02 HB: Unleashed,dog_man,2025Q3,3,46,2025-08-01,129.9,129.90,30008344,48,101.322,60,2918,1945.398,2025,8,2014-01-03
9781338712766,Cat Kid Comic Club #1,cat_kid,2025Q3,3,46,2025-08-01,129.9,129.90,30008344,48,101.322,60,2918,1945.398,2025,8,2014-01-03
9781338741063,Dog Man #04 HB: Dog Man & Cat Kid,dog_man,2025Q3,3,46,2025-08-01,129.9,129.90,30008344,48,101.322,60,2918,1945.398,2025,8,2014-01-03
9781338741087,Dog Man #06 HB: Brawl Of the Wild,dog_man,2025Q3,3,46,2025-08-01,129.9,129.90,30008344,48,101.322,60,2918,1945.398,2025,8,2014-01-03
9781338864359,Captain Underpants Part 2: The Revenge of the Ridiculous Robo-Boogers: Color Ed,captain_underpants,2025Q3,3,46,2025-08-01,129.9,129.90,30008344,24,101.322,60,1459,972.66,2025,8,2014-01-03
9781338741070,Dog Man #05 HB: Lord of the Fleas,dog_man,2025Q3,3,46,2025-08-01,129.9,129.90,30008344,48,101.322,60,2918,1945.398,2025,8,2014-01-03
9781338741056,Dog Man #03 HB: Tale of Two Kitties,dog_man,2025Q3,3,46,2025-08-01,129.9,,30008344,48,101.322,60,2918,1945.398,2025,8,2014-01-03
9781338864342,Captain Underpants Part 1: The Night of the Nasty Nostril Nuggets: Color Edition,captain_underpants,2025Q3,3,46,2025-08-01,129.9,129.90,30008344,24,101.322,60,1459,972.66,2025,8,2014-01-03
9781338236590,Dog Man #07 HB: For Whom The Ball Rolls,dog_man,2025Q3,3,46,2025-08-01,129.9,$129.90,30008344,48,101.322,60,2918,1945.398,2025,8,2014-01-03
9781338741032,Dog Man #01HB,dog_man,2025Q3,3,46,2025-08-01,129.9,129.90,30008344,48,101.322,60,2918,1945.398,2025,8,2014-01-03
9781338801941,Cat Kid Comic Club #3: On Purpose HB,cat_kid,2025Q3,3,46,2025-08-01,129.9,99.00,30008344,48,101.322,60,2918,1945.398,2025,8,2014-01-03
9781913484842,Guinness World Records Gamer's Edt 2026,guinness,2025Q3,3,46,2025-08-06,179.0,,30008365,200,130.1598,60,15619,10412.784,2025,8,2014-01-03
9781913484811,Guinness World Records 2026,guinness,2025Q3,3,46,2025-08-06,308.0,,30008365,250,220.44,60,33066,22044.0,2025,8,2014-01-03
9781913484880,Guinness World Records Football Edt 2026,guinness,2025Q3,3,46,2025-09-02,179.0,179.00,30008387,120,130.1598,60,9371,6247.6704,2025,9,2014-01-03
